solid rueda dentada4
facet normal -0.5490956124117559 0.83575953983796 0.0
  outer loop
    vertex 35.63880166567696 38.717374300306616 6.0
    vertex 37.92339612250709 40.21835721774823 0.0
    vertex 35.63880166567696 38.717374300306616 0.0
  endloop
endfacet
facet normal -0.5490956124117559 0.83575953983796 0.0
  outer loop
    vertex 37.92339612250709 40.21835721774823 0.0
    vertex 35.63880166567696 38.717374300306616 6.0
    vertex 37.92339612250709 40.21835721774823 6.0
  endloop
endfacet
facet normal 0.5877356074468526 0.809053061139428 0.0
  outer loop
    vertex 34.86454668198283 39.27983088692325 6.0
    vertex 35.63880166567696 38.717374300306616 0.0
    vertex 34.86454668198283 39.27983088692325 0.0
  endloop
endfacet
facet normal 0.5877356074468526 0.809053061139428 0.0
  outer loop
    vertex 35.63880166567696 38.717374300306616 0.0
    vertex 34.86454668198283 39.27983088692325 6.0
    vertex 35.63880166567696 38.717374300306616 6.0
  endloop
endfacet
facet normal 0.12533826862047404 -0.9921140652259809 0.0
  outer loop
    vertex 26.754348000957553 0.23986806416012565 6.0
    vertex 24.855674252939025 0.0 0.0
    vertex 26.754348000957553 0.23986806416012565 0.0
  endloop
endfacet
facet normal 0.12533826862047404 -0.9921140652259809 0.0
  outer loop
    vertex 24.855674252939025 0.0 0.0
    vertex 26.754348000957553 0.23986806416012565 6.0
    vertex 24.855674252939025 0.0 6.0
  endloop
endfacet
facet normal -0.9354744510733005 -0.3533943284619987 -0.0
  outer loop
    vertex 23.889636458638083 2.55721046591983 6.0
    vertex 24.855674252939025 0.0 0.0
    vertex 24.855674252939025 0.0 6.0
  endloop
endfacet
facet normal -0.9354744510733005 -0.3533943284619987 -0.0
  outer loop
    vertex 24.855674252939025 0.0 0.0
    vertex 23.889636458638083 2.55721046591983 6.0
    vertex 23.889636458638083 2.55721046591983 0.0
  endloop
endfacet
facet normal 0.0 -1.0 0.0
  outer loop
    vertex 23.889636458638083 2.55721046591983 6.0
    vertex 21.975667931794533 2.55721046591983 0.0
    vertex 23.889636458638083 2.55721046591983 0.0
  endloop
endfacet
facet normal 0.0 -1.0 0.0
  outer loop
    vertex 21.975667931794533 2.55721046591983 0.0
    vertex 23.889636458638083 2.55721046591983 6.0
    vertex 21.975667931794533 2.55721046591983 6.0
  endloop
endfacet
facet normal 0.935474451073305 -0.35339432846198693 0.0
  outer loop
    vertex 21.975667931794533 2.55721046591983 0.0
    vertex 21.00963013749363 0.0 6.0
    vertex 21.00963013749363 0.0 0.0
  endloop
endfacet
facet normal 0.935474451073305 -0.35339432846198693 0.0
  outer loop
    vertex 21.00963013749363 0.0 6.0
    vertex 21.975667931794533 2.55721046591983 0.0
    vertex 21.975667931794533 2.55721046591983 6.0
  endloop
endfacet
facet normal -0.12533826862047093 -0.9921140652259813 -0.0
  outer loop
    vertex 21.00963013749363 0.0 6.0
    vertex 19.110956389475053 0.23986806416012565 0.0
    vertex 21.00963013749363 0.0 0.0
  endloop
endfacet
facet normal -0.12533826862047093 -0.9921140652259813 -0.0
  outer loop
    vertex 19.110956389475053 0.23986806416012565 0.0
    vertex 21.00963013749363 0.0 6.0
    vertex 19.110956389475053 0.23986806416012565 6.0
  endloop
endfacet
facet normal -0.9939702777385149 -0.10964983799541106 -0.0
  outer loop
    vertex 18.81121700132177 2.956990572853331 6.0
    vertex 19.110956389475053 0.23986806416012565 0.0
    vertex 19.110956389475053 0.23986806416012565 6.0
  endloop
endfacet
facet normal -0.9939702777385149 -0.10964983799541106 -0.0
  outer loop
    vertex 19.110956389475053 0.23986806416012565 0.0
    vertex 18.81121700132177 2.956990572853331 6.0
    vertex 18.81121700132177 2.956990572853331 0.0
  endloop
endfacet
facet normal -0.24870278323632933 -0.9685798498887448 -0.0
  outer loop
    vertex 18.81121700132177 2.956990572853331 6.0
    vertex 17.884290673067515 3.19499795832428 0.0
    vertex 18.81121700132177 2.956990572853331 0.0
  endloop
endfacet
facet normal -0.24870278323632933 -0.9685798498887448 -0.0
  outer loop
    vertex 17.884290673067515 3.19499795832428 0.0
    vertex 18.81121700132177 2.956990572853331 6.0
    vertex 17.884290673067515 3.19499795832428 6.0
  endloop
endfacet
facet normal -0.24865334282681825 -0.9685925433850132 -0.0
  outer loop
    vertex 17.884290673067515 3.19499795832428 6.0
    vertex 16.957374977262983 3.4329521815469413 0.0
    vertex 17.884290673067515 3.19499795832428 0.0
  endloop
endfacet
facet normal -0.24865334282681825 -0.9685925433850132 -0.0
  outer loop
    vertex 16.957374977262983 3.4329521815469413 0.0
    vertex 17.884290673067515 3.19499795832428 6.0
    vertex 16.957374977262983 3.4329521815469413 6.0
  endloop
endfacet
facet normal 0.24870947423478446 -0.9685781318127398 0.0
  outer loop
    vertex 27.980987136240955 3.19499795832428 6.0
    vertex 27.054087389110837 2.956990572853331 0.0
    vertex 27.980987136240955 3.19499795832428 0.0
  endloop
endfacet
facet normal 0.24870947423478446 -0.9685781318127398 0.0
  outer loop
    vertex 27.054087389110837 2.956990572853331 0.0
    vertex 27.980987136240955 3.19499795832428 6.0
    vertex 27.054087389110837 2.956990572853331 6.0
  endloop
endfacet
facet normal 0.8182018342408585 -0.574931090170722 0.0
  outer loop
    vertex 16.957374977262983 3.4329521815469413 0.0
    vertex 15.385739431880529 1.1963100726496605 6.0
    vertex 15.385739431880529 1.1963100726496605 0.0
  endloop
endfacet
facet normal 0.8182018342408585 -0.574931090170722 0.0
  outer loop
    vertex 15.385739431880529 1.1963100726496605 6.0
    vertex 16.957374977262983 3.4329521815469413 0.0
    vertex 16.957374977262983 3.4329521815469413 6.0
  endloop
endfacet
facet normal -0.3681219979973044 -0.9297774973564765 -0.0
  outer loop
    vertex 15.385739431880529 1.1963100726496605 6.0
    vertex 13.60634582028846 1.9008161866234765 0.0
    vertex 15.385739431880529 1.1963100726496605 0.0
  endloop
endfacet
facet normal -0.3681219979973044 -0.9297774973564765 -0.0
  outer loop
    vertex 13.60634582028846 1.9008161866234765 0.0
    vertex 15.385739431880529 1.1963100726496605 6.0
    vertex 13.60634582028846 1.9008161866234765 6.0
  endloop
endfacet
facet normal -0.9900104663142162 0.14099388847857308 0.0
  outer loop
    vertex 13.991772120191172 4.607146758919415 6.0
    vertex 13.60634582028846 1.9008161866234765 0.0
    vertex 13.60634582028846 1.9008161866234765 6.0
  endloop
endfacet
facet normal -0.9900104663142162 0.14099388847857308 0.0
  outer loop
    vertex 13.60634582028846 1.9008161866234765 0.0
    vertex 13.991772120191172 4.607146758919415 6.0
    vertex 13.991772120191172 4.607146758919415 0.0
  endloop
endfacet
facet normal -0.4817374792981417 -0.8763155830175979 -0.0
  outer loop
    vertex 13.991772120191172 4.607146758919415 6.0
    vertex 13.153137653851205 5.068169775851255 0.0
    vertex 13.991772120191172 4.607146758919415 0.0
  endloop
endfacet
facet normal -0.4817374792981417 -0.8763155830175979 -0.0
  outer loop
    vertex 13.153137653851205 5.068169775851255 0.0
    vertex 13.991772120191172 4.607146758919415 6.0
    vertex 13.153137653851205 5.068169775851255 6.0
  endloop
endfacet
facet normal -0.4817609313089031 -0.8763026903213172 -0.0
  outer loop
    vertex 13.153137653851205 5.068169775851255 6.0
    vertex 12.31455634975947 5.5291927927831495 0.0
    vertex 13.153137653851205 5.068169775851255 0.0
  endloop
endfacet
facet normal -0.4817609313089031 -0.8763026903213172 -0.0
  outer loop
    vertex 12.31455634975947 5.5291927927831495 0.0
    vertex 13.153137653851205 5.068169775851255 6.0
    vertex 12.31455634975947 5.5291927927831495 6.0
  endloop
endfacet
facet normal 0.6495155995433879 -0.7603482662239676 0.0
  outer loop
    vertex 12.31455634975947 5.5291927927831495 6.0
    vertex 10.236071929442904 3.7536800253142366 0.0
    vertex 12.31455634975947 5.5291927927831495 0.0
  endloop
endfacet
facet normal 0.6495155995433879 -0.7603482662239676 0.0
  outer loop
    vertex 10.236071929442904 3.7536800253142366 0.0
    vertex 12.31455634975947 5.5291927927831495 6.0
    vertex 10.236071929442904 3.7536800253142366 6.0
  endloop
endfacet
facet normal -0.8182018342408517 -0.5749310901707316 -0.0
  outer loop
    vertex 28.907929413169615 3.4329521815469413 6.0
    vertex 30.47956495855211 1.1963100726496605 0.0
    vertex 30.47956495855211 1.1963100726496605 6.0
  endloop
endfacet
facet normal -0.8182018342408517 -0.5749310901707316 -0.0
  outer loop
    vertex 30.47956495855211 1.1963100726496605 0.0
    vertex 28.907929413169615 3.4329521815469413 6.0
    vertex 28.907929413169615 3.4329521815469413 0.0
  endloop
endfacet
facet normal -0.5877884415178981 -0.8090146772574406 -0.0
  outer loop
    vertex 10.236071929442904 3.7536800253142366 6.0
    vertex 8.687774611047665 4.878593198547408 0.0
    vertex 10.236071929442904 3.7536800253142366 0.0
  endloop
endfacet
facet normal -0.5877884415178981 -0.8090146772574406 -0.0
  outer loop
    vertex 8.687774611047665 4.878593198547408 0.0
    vertex 10.236071929442904 3.7536800253142366 6.0
    vertex 8.687774611047665 4.878593198547408 6.0
  endloop
endfacet
facet normal -0.9238437816461191 0.38276973118808344 0.0
  outer loop
    vertex 9.734113981348985 7.404012640006326 6.0
    vertex 8.687774611047665 4.878593198547408 0.0
    vertex 8.687774611047665 4.878593198547408 6.0
  endloop
endfacet
facet normal -0.9238437816461191 0.38276973118808344 0.0
  outer loop
    vertex 8.687774611047665 4.878593198547408 0.0
    vertex 9.734113981348985 7.404012640006326 6.0
    vertex 9.734113981348985 7.404012640006326 0.0
  endloop
endfacet
facet normal 0.9939702777385149 -0.10964983799541002 0.0
  outer loop
    vertex 27.054087389110837 2.956990572853331 0.0
    vertex 26.754348000957553 0.23986806416012565 6.0
    vertex 26.754348000957553 0.23986806416012565 0.0
  endloop
endfacet
facet normal 0.9939702777385149 -0.10964983799541002 0.0
  outer loop
    vertex 26.754348000957553 0.23986806416012565 6.0
    vertex 27.054087389110837 2.956990572853331 0.0
    vertex 27.054087389110837 2.956990572853331 6.0
  endloop
endfacet
facet normal -0.6845368408107824 -0.7289782668727468 -0.0
  outer loop
    vertex 9.734113981348985 7.404012640006326 6.0
    vertex 8.338870775701281 8.714196248434137 0.0
    vertex 9.734113981348985 7.404012640006326 0.0
  endloop
endfacet
facet normal -0.6845368408107824 -0.7289782668727468 -0.0
  outer loop
    vertex 8.338870775701281 8.714196248434137 0.0
    vertex 9.734113981348985 7.404012640006326 6.0
    vertex 8.338870775701281 8.714196248434137 6.0
  endloop
endfacet
facet normal 0.4400268527700375 -0.8979846150359682 0.0
  outer loop
    vertex 8.338870775701281 8.714196248434137 6.0
    vertex 5.884157124431433 7.511347219248203 0.0
    vertex 8.338870775701281 8.714196248434137 0.0
  endloop
endfacet
facet normal 0.4400268527700375 -0.8979846150359682 0.0
  outer loop
    vertex 5.884157124431433 7.511347219248203 0.0
    vertex 8.338870775701281 8.714196248434137 6.0
    vertex 5.884157124431433 7.511347219248203 6.0
  endloop
endfacet
facet normal -0.7705114587677605 -0.6374261462378035 -0.0
  outer loop
    vertex 4.664243013553243 8.985961661551706 6.0
    vertex 5.884157124431433 7.511347219248203 0.0
    vertex 5.884157124431433 7.511347219248203 6.0
  endloop
endfacet
facet normal -0.7705114587677605 -0.6374261462378035 -0.0
  outer loop
    vertex 5.884157124431433 7.511347219248203 0.0
    vertex 4.664243013553243 8.985961661551706 6.0
    vertex 4.664243013553243 8.985961661551706 0.0
  endloop
endfacet
facet normal 0.3681219979973165 -0.9297774973564716 0.0
  outer loop
    vertex 32.25895857014411 1.9008161866234765 6.0
    vertex 30.47956495855211 1.1963100726496605 0.0
    vertex 32.25895857014411 1.9008161866234765 0.0
  endloop
endfacet
facet normal 0.3681219979973165 -0.9297774973564716 0.0
  outer loop
    vertex 30.47956495855211 1.1963100726496605 0.0
    vertex 32.25895857014411 1.9008161866234765 6.0
    vertex 30.47956495855211 1.1963100726496605 6.0
  endloop
endfacet
facet normal -0.7996334550820647 0.600488415802936 0.0
  outer loop
    vertex 6.305733753152577 11.17183382335838 6.0
    vertex 4.664243013553243 8.985961661551706 0.0
    vertex 4.664243013553243 8.985961661551706 6.0
  endloop
endfacet
facet normal -0.7996334550820647 0.600488415802936 0.0
  outer loop
    vertex 4.664243013553243 8.985961661551706 0.0
    vertex 6.305733753152577 11.17183382335838 6.0
    vertex 6.305733753152577 11.17183382335838 0.0
  endloop
endfacet
facet normal -0.8443299034953409 -0.5358236781475305 -0.0
  outer loop
    vertex 5.280180821921868 12.787859846039996 6.0
    vertex 6.305733753152577 11.17183382335838 0.0
    vertex 6.305733753152577 11.17183382335838 6.0
  endloop
endfacet
facet normal -0.8443299034953409 -0.5358236781475305 -0.0
  outer loop
    vertex 6.305733753152577 11.17183382335838 0.0
    vertex 5.280180821921868 12.787859846039996 6.0
    vertex 5.280180821921868 12.787859846039996 0.0
  endloop
endfacet
facet normal 0.20288083861698367 -0.9792034340840873 0.0
  outer loop
    vertex 5.280180821921868 12.787859846039996 6.0
    vertex 2.603461621908139 12.233271272166252 0.0
    vertex 5.280180821921868 12.787859846039996 0.0
  endloop
endfacet
facet normal 0.20288083861698367 -0.9792034340840873 0.0
  outer loop
    vertex 2.603461621908139 12.233271272166252 0.0
    vertex 5.280180821921868 12.787859846039996 6.0
    vertex 2.603461621908139 12.233271272166252 6.0
  endloop
endfacet
facet normal 0.4817609313088831 -0.8763026903213283 0.0
  outer loop
    vertex 32.712113574333166 5.068169775851255 6.0
    vertex 31.873532270241483 4.607146758919415 0.0
    vertex 32.712113574333166 5.068169775851255 0.0
  endloop
endfacet
facet normal 0.4817609313088831 -0.8763026903213283 0.0
  outer loop
    vertex 31.873532270241483 4.607146758919415 0.0
    vertex 32.712113574333166 5.068169775851255 6.0
    vertex 31.873532270241483 4.607146758919415 6.0
  endloop
endfacet
facet normal 0.24864665325450078 -0.9685942606816005 0.0
  outer loop
    vertex 28.907929413169615 3.4329521815469413 6.0
    vertex 27.980987136240955 3.19499795832428 0.0
    vertex 28.907929413169615 3.4329521815469413 0.0
  endloop
endfacet
facet normal 0.24864665325450078 -0.9685942606816005 0.0
  outer loop
    vertex 27.980987136240955 3.19499795832428 0.0
    vertex 28.907929413169615 3.4329521815469413 6.0
    vertex 27.980987136240955 3.19499795832428 6.0
  endloop
endfacet
facet normal -0.9048187022009928 -0.4257970363298824 -0.0
  outer loop
    vertex 1.7885906805414706 13.964872022570407 6.0
    vertex 2.603461621908139 12.233271272166252 0.0
    vertex 2.603461621908139 12.233271272166252 6.0
  endloop
endfacet
facet normal -0.9048187022009928 -0.4257970363298824 -0.0
  outer loop
    vertex 2.603461621908139 12.233271272166252 0.0
    vertex 1.7885906805414706 13.964872022570407 6.0
    vertex 1.7885906805414706 13.964872022570407 0.0
  endloop
endfacet
facet normal -0.62518586044344 0.7804759060352828 0.0
  outer loop
    vertex 1.7885906805414706 13.964872022570407 6.0
    vertex 3.922098027809612 15.67387881746298 0.0
    vertex 1.7885906805414706 13.964872022570407 0.0
  endloop
endfacet
facet normal -0.62518586044344 0.7804759060352828 0.0
  outer loop
    vertex 3.922098027809612 15.67387881746298 0.0
    vertex 1.7885906805414706 13.964872022570407 6.0
    vertex 3.922098027809612 15.67387881746298 6.0
  endloop
endfacet
facet normal 0.9900104663142206 0.14099388847854274 0.0
  outer loop
    vertex 31.873532270241483 4.607146758919415 0.0
    vertex 32.25895857014411 1.9008161866234765 6.0
    vertex 32.25895857014411 1.9008161866234765 0.0
  endloop
endfacet
facet normal 0.9900104663142206 0.14099388847854274 0.0
  outer loop
    vertex 32.25895857014411 1.9008161866234765 6.0
    vertex 31.873532270241483 4.607146758919415 0.0
    vertex 31.873532270241483 4.607146758919415 6.0
  endloop
endfacet
facet normal -0.9510720264994816 -0.3089692547975756 -0.0
  outer loop
    vertex 3.6264096029739803 16.584069669964173 6.0
    vertex 3.922098027809612 15.67387881746298 0.0
    vertex 3.922098027809612 15.67387881746298 6.0
  endloop
endfacet
facet normal -0.9510720264994816 -0.3089692547975756 -0.0
  outer loop
    vertex 3.922098027809612 15.67387881746298 0.0
    vertex 3.6264096029739803 16.584069669964173 6.0
    vertex 3.6264096029739803 16.584069669964173 0.0
  endloop
endfacet
facet normal -0.9510450911817963 -0.30905215504669925 -0.0
  outer loop
    vertex 3.330668015890023 17.494154197968875 6.0
    vertex 3.6264096029739803 16.584069669964173 0.0
    vertex 3.6264096029739803 16.584069669964173 6.0
  endloop
endfacet
facet normal -0.9510450911817963 -0.30905215504669925 -0.0
  outer loop
    vertex 3.6264096029739803 16.584069669964173 0.0
    vertex 3.330668015890023 17.494154197968875 6.0
    vertex 3.330668015890023 17.494154197968875 0.0
  endloop
endfacet
facet normal -0.0470265504410621 -0.9988936397603171 -0.0
  outer loop
    vertex 3.330668015890023 17.494154197968875 6.0
    vertex 0.6000954583864195 17.62270583049227 0.0
    vertex 3.330668015890023 17.494154197968875 0.0
  endloop
endfacet
facet normal -0.0470265504410621 -0.9988936397603171 -0.0
  outer loop
    vertex 0.6000954583864195 17.62270583049227 0.0
    vertex 3.330668015890023 17.494154197968875 6.0
    vertex 0.6000954583864195 17.62270583049227 6.0
  endloop
endfacet
facet normal -0.9822895639798849 -0.18736918769159422 -0.0
  outer loop
    vertex 0.24151609385630446 19.50257077507554 6.0
    vertex 0.6000954583864195 17.62270583049227 0.0
    vertex 0.6000954583864195 17.62270583049227 6.0
  endloop
endfacet
facet normal -0.9822895639798849 -0.18736918769159422 -0.0
  outer loop
    vertex 0.6000954583864195 17.62270583049227 0.0
    vertex 0.24151609385630446 19.50257077507554 6.0
    vertex 0.24151609385630446 19.50257077507554 0.0
  endloop
endfacet
facet normal -0.41143664810621067 0.9114383602828696 0.0
  outer loop
    vertex 0.24151609385630446 19.50257077507554 6.0
    vertex 2.7330180209236814 20.627271299315733 0.0
    vertex 0.24151609385630446 19.50257077507554 0.0
  endloop
endfacet
facet normal -0.41143664810621067 0.9114383602828696 0.0
  outer loop
    vertex 2.7330180209236814 20.627271299315733 0.0
    vertex 0.24151609385630446 19.50257077507554 6.0
    vertex 2.7330180209236814 20.627271299315733 6.0
  endloop
endfacet
facet normal -0.998027859345787 -0.06277254152625998 -0.0
  outer loop
    vertex 2.6729446803871246 21.582384251598683 6.0
    vertex 2.7330180209236814 20.627271299315733 0.0
    vertex 2.7330180209236814 20.627271299315733 6.0
  endloop
endfacet
facet normal -0.998027859345787 -0.06277254152625998 -0.0
  outer loop
    vertex 2.7330180209236814 20.627271299315733 0.0
    vertex 2.6729446803871246 21.582384251598683 6.0
    vertex 2.6729446803871246 21.582384251598683 0.0
  endloop
endfacet
facet normal -0.998024232897332 -0.06283017228762237 -0.0
  outer loop
    vertex 2.6128181776023687 22.5374621167978 6.0
    vertex 2.6729446803871246 21.582384251598683 0.0
    vertex 2.6729446803871246 21.582384251598683 6.0
  endloop
endfacet
facet normal -0.998024232897332 -0.06283017228762237 -0.0
  outer loop
    vertex 2.6729446803871246 21.582384251598683 0.0
    vertex 2.6128181776023687 22.5374621167978 6.0
    vertex 2.6128181776023687 22.5374621167978 0.0
  endloop
endfacet
facet normal -0.2939596819141228 -0.9558178201984663 -0.0
  outer loop
    vertex 2.6128181776023687 22.5374621167978 6.0
    vertex 0.0 23.34102863769396 0.0
    vertex 2.6128181776023687 22.5374621167978 0.0
  endloop
endfacet
facet normal -0.2939596819141228 -0.9558178201984663 -0.0
  outer loop
    vertex 0.0 23.34102863769396 0.0
    vertex 2.6128181776023687 22.5374621167978 6.0
    vertex 0.0 23.34102863769396 6.0
  endloop
endfacet
facet normal -0.9980256258340614 0.06280804230773601 0.0
  outer loop
    vertex 0.12019984332138804 25.251015312142634 6.0
    vertex 0.0 23.34102863769396 0.0
    vertex 0.0 23.34102863769396 6.0
  endloop
endfacet
facet normal -0.9980256258340614 0.06280804230773601 0.0
  outer loop
    vertex 0.0 23.34102863769396 0.0
    vertex 0.12019984332138804 25.251015312142634 6.0
    vertex 0.12019984332138804 25.251015312142634 0.0
  endloop
endfacet
facet normal -0.17184911097131716 0.9851232831774751 0.0
  outer loop
    vertex 0.12019984332138804 25.251015312142634 6.0
    vertex 2.8130803668069255 25.720772886464015 0.0
    vertex 0.12019984332138804 25.251015312142634 0.0
  endloop
endfacet
facet normal -0.17184911097131716 0.9851232831774751 0.0
  outer loop
    vertex 2.8130803668069255 25.720772886464015 0.0
    vertex 0.12019984332138804 25.251015312142634 6.0
    vertex 2.8130803668069255 25.720772886464015 6.0
  endloop
endfacet
facet normal -0.9822782238930888 0.18742862872421306 0.0
  outer loop
    vertex 2.9924497924444178 26.66081434136454 6.0
    vertex 2.8130803668069255 25.720772886464015 0.0
    vertex 2.8130803668069255 25.720772886464015 6.0
  endloop
endfacet
facet normal -0.9822782238930888 0.18742862872421306 0.0
  outer loop
    vertex 2.8130803668069255 25.720772886464015 0.0
    vertex 2.9924497924444178 26.66081434136454 6.0
    vertex 2.9924497924444178 26.66081434136454 0.0
  endloop
endfacet
facet normal -0.982298088284132 0.18732449320187647 0.0
  outer loop
    vertex 3.1717128935853767 27.600839847590677 6.0
    vertex 2.9924497924444178 26.66081434136454 0.0
    vertex 2.9924497924444178 26.66081434136454 6.0
  endloop
endfacet
facet normal -0.982298088284132 0.18732449320187647 0.0
  outer loop
    vertex 2.9924497924444178 26.66081434136454 0.0
    vertex 3.1717128935853767 27.600839847590677 6.0
    vertex 3.1717128935853767 27.600839847590677 0.0
  endloop
endfacet
facet normal -0.5224301636133745 -0.8526820768298714 -0.0
  outer loop
    vertex 3.1717128935853767 27.600839847590677 6.0
    vertex 0.8408672807669935 29.028926690214888 0.0
    vertex 3.1717128935853767 27.600839847590677 0.0
  endloop
endfacet
facet normal -0.5224301636133745 -0.8526820768298714 -0.0
  outer loop
    vertex 0.8408672807669935 29.028926690214888 0.0
    vertex 3.1717128935853767 27.600839847590677 6.0
    vertex 0.8408672807669935 29.028926690214888 6.0
  endloop
endfacet
facet normal -0.9510587665805346 0.3090100686228728 0.0
  outer loop
    vertex 1.432244130438343 30.849042583976043 6.0
    vertex 0.8408672807669935 29.028926690214888 0.0
    vertex 0.8408672807669935 29.028926690214888 6.0
  endloop
endfacet
facet normal -0.9510587665805346 0.3090100686228728 0.0
  outer loop
    vertex 0.8408672807669935 29.028926690214888 0.0
    vertex 1.432244130438343 30.849042583976043 6.0
    vertex 1.432244130438343 30.849042583976043 0.0
  endloop
endfacet
facet normal 0.07854939215473818 0.9969102231355245 0.0
  outer loop
    vertex 1.432244130438343 30.849042583976043 6.0
    vertex 4.157394138619198 30.63432026324407 0.0
    vertex 1.432244130438343 30.849042583976043 0.0
  endloop
endfacet
facet normal 0.07854939215473818 0.9969102231355245 0.0
  outer loop
    vertex 4.157394138619198 30.63432026324407 0.0
    vertex 1.432244130438343 30.849042583976043 6.0
    vertex 4.157394138619198 30.63432026324407 6.0
  endloop
endfacet
facet normal -0.9980654584692197 0.062171863362686326 4.078947349815423e-06
  outer loop
    vertex 25.427153539342186 22.696972982164656 9.999999999999998
    vertex 25.304465147455897 22.067174904460646 0.026134002561786406
    vertex 25.301016909813214 22.056647500805596 9.999999999999998
  endloop
endfacet
facet normal -0.9531777423713091 0.30241063379071365 4.270025574168282e-06
  outer loop
    vertex 25.304465147455897 22.067174904460646 0.026134002561786406
    vertex 25.427153539342186 22.696972982164656 0.0
    vertex 25.301016909813214 22.056647500805596 0.0
  endloop
endfacet
facet normal -0.9954473216538704 0.09531332433357378 4.076600179689272e-06
  outer loop
    vertex 25.427153539342186 22.696972982164656 0.0
    vertex 25.304465147455897 22.067174904460646 0.026134002561786406
    vertex 25.427153539342186 22.696972982164656 9.999999999999998
  endloop
endfacet
facet normal -0.9954473216538704 0.09531332433357378 4.076600179689272e-06
  outer loop
    vertex 25.427153539342186 22.696972982164656 0.0
    vertex 25.427153539342186 22.696972982164656 9.999999999999998
    vertex 25.42775958857502 22.708034142812792 0.02613400256183179
  endloop
endfacet
facet normal 0.29395968191411265 -0.9558178201984695 0.0
  outer loop
    vertex 45.86530439043277 23.34102863769396 6.0
    vertex 43.2524862128303 22.5374621167978 0.0
    vertex 45.86530439043277 23.34102863769396 0.0
  endloop
endfacet
facet normal 0.29395968191411265 -0.9558178201984695 0.0
  outer loop
    vertex 43.2524862128303 22.5374621167978 0.0
    vertex 45.86530439043277 23.34102863769396 6.0
    vertex 43.2524862128303 22.5374621167978 6.0
  endloop
endfacet
facet normal 0.9980277498950315 -0.06277428167219758 0.0
  outer loop
    vertex 43.19235971004564 21.582357670474554 0.0
    vertex 43.13228636950906 20.627271299315733 6.0
    vertex 43.13228636950906 20.627271299315733 0.0
  endloop
endfacet
facet normal 0.9980277498950315 -0.06277428167219758 0.0
  outer loop
    vertex 43.13228636950906 20.627271299315733 6.0
    vertex 43.19235971004564 21.582357670474554 0.0
    vertex 43.19235971004564 21.582357670474554 6.0
  endloop
endfacet
facet normal 0.9980243425436668 -0.06282843058904104 0.0
  outer loop
    vertex 43.2524862128303 22.5374621167978 0.0
    vertex 43.19235971004564 21.582357670474554 6.0
    vertex 43.19235971004564 21.582357670474554 0.0
  endloop
endfacet
facet normal 0.9980243425436668 -0.06282843058904104 0.0
  outer loop
    vertex 43.19235971004564 21.582357670474554 6.0
    vertex 43.2524862128303 22.5374621167978 0.0
    vertex 43.2524862128303 22.5374621167978 6.0
  endloop
endfacet
facet normal 0.8443311119427137 0.535821773918885 0.0
  outer loop
    vertex 41.77005692003231 35.944909891172095 0.0
    vertex 42.795503526766566 34.3290433552353 6.0
    vertex 42.795503526766566 34.3290433552353 0.0
  endloop
endfacet
facet normal 0.8443311119427137 0.535821773918885 0.0
  outer loop
    vertex 42.795503526766566 34.3290433552353 6.0
    vertex 41.77005692003231 35.944909891172095 0.0
    vertex 41.77005692003231 35.944909891172095 6.0
  endloop
endfacet
facet normal 0.9822770529513498 0.1874347653057227 0.0
  outer loop
    vertex 42.872854597988294 26.660782444015663 0.0
    vertex 43.05222402362585 25.720772886464015 6.0
    vertex 43.05222402362585 25.720772886464015 0.0
  endloop
endfacet
facet normal 0.9822770529513498 0.1874347653057227 0.0
  outer loop
    vertex 43.05222402362585 25.720772886464015 6.0
    vertex 42.872854597988294 26.660782444015663 0.0
    vertex 42.872854597988294 26.660782444015663 6.0
  endloop
endfacet
facet normal 0.9980256258340585 0.06280804230778221 0.0
  outer loop
    vertex 45.74510454711129 25.251015312142634 0.0
    vertex 45.86530439043277 23.34102863769396 6.0
    vertex 45.86530439043277 23.34102863769396 0.0
  endloop
endfacet
facet normal 0.9980256258340585 0.06280804230778221 0.0
  outer loop
    vertex 45.86530439043277 23.34102863769396 6.0
    vertex 45.74510454711129 25.251015312142634 0.0
    vertex 45.74510454711129 25.251015312142634 6.0
  endloop
endfacet
facet normal 0.17184911097132294 0.9851232831774742 0.0
  outer loop
    vertex 43.05222402362585 25.720772886464015 6.0
    vertex 45.74510454711129 25.251015312142634 0.0
    vertex 43.05222402362585 25.720772886464015 0.0
  endloop
endfacet
facet normal 0.17184911097132294 0.9851232831774742 0.0
  outer loop
    vertex 45.74510454711129 25.251015312142634 0.0
    vertex 43.05222402362585 25.720772886464015 6.0
    vertex 45.74510454711129 25.251015312142634 6.0
  endloop
endfacet
facet normal 0.9510587665805074 0.30901006862295627 0.0
  outer loop
    vertex 44.433060259994264 30.849042583976043 0.0
    vertex 45.02443710966579 29.028926690214888 6.0
    vertex 45.02443710966579 29.028926690214888 0.0
  endloop
endfacet
facet normal 0.9510587665805074 0.30901006862295627 0.0
  outer loop
    vertex 45.02443710966579 29.028926690214888 6.0
    vertex 44.433060259994264 30.849042583976043 0.0
    vertex 44.433060259994264 30.849042583976043 6.0
  endloop
endfacet
facet normal 0.9822992578536947 0.18731836007204689 0.0
  outer loop
    vertex 42.69359149684739 27.600839847590677 0.0
    vertex 42.872854597988294 26.660782444015663 6.0
    vertex 42.872854597988294 26.660782444015663 0.0
  endloop
endfacet
facet normal 0.9822992578536947 0.18731836007204689 0.0
  outer loop
    vertex 42.872854597988294 26.660782444015663 6.0
    vertex 42.69359149684739 27.600839847590677 0.0
    vertex 42.69359149684739 27.600839847590677 6.0
  endloop
endfacet
facet normal 0.5224301636133717 -0.8526820768298731 0.0
  outer loop
    vertex 45.02443710966579 29.028926690214888 6.0
    vertex 42.69359149684739 27.600839847590677 0.0
    vertex 45.02443710966579 29.028926690214888 0.0
  endloop
endfacet
facet normal 0.5224301636133717 -0.8526820768298731 0.0
  outer loop
    vertex 42.69359149684739 27.600839847590677 0.0
    vertex 45.02443710966579 29.028926690214888 6.0
    vertex 42.69359149684739 27.600839847590677 6.0
  endloop
endfacet
facet normal 0.6845341409352607 0.7289808021436676 0.0
  outer loop
    vertex 37.92339612250709 40.21835721774823 6.0
    vertex 39.318479841410024 38.908333096065284 0.0
    vertex 37.92339612250709 40.21835721774823 0.0
  endloop
endfacet
facet normal 0.6845341409352607 0.7289808021436676 0.0
  outer loop
    vertex 39.318479841410024 38.908333096065284 0.0
    vertex 37.92339612250709 40.21835721774823 6.0
    vertex 39.318479841410024 38.908333096065284 6.0
  endloop
endfacet
facet normal 0.6845377406258532 -0.7289774219129508 0.0
  outer loop
    vertex 37.52643361473145 8.714196248434137 6.0
    vertex 36.828785430783476 8.05907786309613 0.0
    vertex 37.52643361473145 8.714196248434137 0.0
  endloop
endfacet
facet normal 0.6845377406258532 -0.7289774219129508 0.0
  outer loop
    vertex 36.828785430783476 8.05907786309613 0.0
    vertex 37.52643361473145 8.714196248434137 6.0
    vertex 36.828785430783476 8.05907786309613 6.0
  endloop
endfacet
facet normal 0.6845359409239893 -0.7289791118978024 0.0
  outer loop
    vertex 36.828785430783476 8.05907786309613 6.0
    vertex 36.13119040908371 7.404012640006326 0.0
    vertex 36.828785430783476 8.05907786309613 0.0
  endloop
endfacet
facet normal 0.6845359409239893 -0.7289791118978024 0.0
  outer loop
    vertex 36.13119040908371 7.404012640006326 0.0
    vertex 36.828785430783476 8.05907786309613 6.0
    vertex 36.13119040908371 7.404012640006326 6.0
  endloop
endfacet
facet normal 0.8443424695710159 -0.5358038765058706 0.0
  outer loop
    vertex 40.07232052177139 11.97984683469921 0.0
    vertex 39.55957063728013 11.17183382335838 6.0
    vertex 39.55957063728013 11.17183382335838 0.0
  endloop
endfacet
facet normal 0.8443424695710159 -0.5358038765058706 0.0
  outer loop
    vertex 39.55957063728013 11.17183382335838 6.0
    vertex 40.07232052177139 11.97984683469921 0.0
    vertex 40.07232052177139 11.97984683469921 6.0
  endloop
endfacet
facet normal 0.7180667780986737 -0.6959742108663153 0.0
  outer loop
    vertex 42.795503526766566 34.3290433552353 0.0
    vertex 40.892986148198595 32.36613366264117 6.0
    vertex 40.892986148198595 32.36613366264117 0.0
  endloop
endfacet
facet normal 0.7180667780986737 -0.6959742108663153 0.0
  outer loop
    vertex 40.892986148198595 32.36613366264117 6.0
    vertex 42.795503526766566 34.3290433552353 0.0
    vertex 42.795503526766566 34.3290433552353 6.0
  endloop
endfacet
facet normal 0.844317337329348 -0.5358434789050623 0.0
  outer loop
    vertex 40.58512356851081 12.787859846039996 0.0
    vertex 40.07232052177139 11.97984683469921 6.0
    vertex 40.07232052177139 11.97984683469921 0.0
  endloop
endfacet
facet normal 0.844317337329348 -0.5358434789050623 0.0
  outer loop
    vertex 40.07232052177139 11.97984683469921 6.0
    vertex 40.58512356851081 12.787859846039996 0.0
    vertex 40.58512356851081 12.787859846039996 6.0
  endloop
endfacet
facet normal -0.20288083861697584 -0.979203434084089 -0.0
  outer loop
    vertex 43.261842768524644 12.233271272166252 6.0
    vertex 40.58512356851081 12.787859846039996 0.0
    vertex 43.261842768524644 12.233271272166252 0.0
  endloop
endfacet
facet normal -0.20288083861697584 -0.979203434084089 -0.0
  outer loop
    vertex 40.58512356851081 12.787859846039996 0.0
    vertex 43.261842768524644 12.233271272166252 6.0
    vertex 40.58512356851081 12.787859846039996 6.0
  endloop
endfacet
facet normal 0.6251858604434292 0.7804759060352915 0.0
  outer loop
    vertex 41.94320636262302 15.67387881746298 6.0
    vertex 44.07671370989122 13.964872022570407 0.0
    vertex 41.94320636262302 15.67387881746298 0.0
  endloop
endfacet
facet normal 0.6251858604434292 0.7804759060352915 0.0
  outer loop
    vertex 44.07671370989122 13.964872022570407 0.0
    vertex 41.94320636262302 15.67387881746298 6.0
    vertex 44.07671370989122 13.964872022570407 6.0
  endloop
endfacet
facet normal 0.7705067461531184 0.6374318427349971 0.0
  outer loop
    vertex 37.96390575568299 36.53394760191996 0.0
    vertex 39.18392619105779 35.05922683511987 6.0
    vertex 39.18392619105779 35.05922683511987 0.0
  endloop
endfacet
facet normal 0.7705067461531184 0.6374318427349971 0.0
  outer loop
    vertex 39.18392619105779 35.05922683511987 6.0
    vertex 37.96390575568299 36.53394760191996 0.0
    vertex 37.96390575568299 36.53394760191996 6.0
  endloop
endfacet
facet normal 0.982289563979883 -0.1873691876916038 0.0
  outer loop
    vertex 45.623788296576436 19.50257077507554 0.0
    vertex 45.2652089320463 17.62270583049227 6.0
    vertex 45.2652089320463 17.62270583049227 0.0
  endloop
endfacet
facet normal 0.982289563979883 -0.1873691876916038 0.0
  outer loop
    vertex 45.2652089320463 17.62270583049227 6.0
    vertex 45.623788296576436 19.50257077507554 0.0
    vertex 45.623788296576436 19.50257077507554 6.0
  endloop
endfacet
facet normal -0.6495155995433883 -0.7603482662239671 -0.0
  outer loop
    vertex 35.62923246098974 3.7536800253142366 6.0
    vertex 33.55074804067317 5.5291927927831495 0.0
    vertex 35.62923246098974 3.7536800253142366 0.0
  endloop
endfacet
facet normal -0.6495155995433883 -0.7603482662239671 -0.0
  outer loop
    vertex 33.55074804067317 5.5291927927831495 0.0
    vertex 35.62923246098974 3.7536800253142366 6.0
    vertex 33.55074804067317 5.5291927927831495 6.0
  endloop
endfacet
facet normal 0.0470265504410616 -0.9988936397603172 0.0
  outer loop
    vertex 45.2652089320463 17.62270583049227 6.0
    vertex 42.534636374542664 17.494154197968875 0.0
    vertex 45.2652089320463 17.62270583049227 0.0
  endloop
endfacet
facet normal 0.0470265504410616 -0.9988936397603172 0.0
  outer loop
    vertex 42.534636374542664 17.494154197968875 0.0
    vertex 45.2652089320463 17.62270583049227 6.0
    vertex 42.534636374542664 17.494154197968875 6.0
  endloop
endfacet
facet normal -0.8983240475346336 0.4393334788073007 4.479781571544721e-06
  outer loop
    vertex 25.202462032684377 21.855861652740078 12.999999999999998
    vertex 25.01950528642563 21.480063364637246 0.026134002561821797
    vertex 25.01344985206997 21.47078714313703 12.999999999999998
  endloop
endfacet
facet normal -0.8414766285498162 0.5402935110183451 7.453793896853828e-05
  outer loop
    vertex 25.01950528642563 21.480063364637246 0.026134002561821797
    vertex 25.301016909813214 22.056647500805596 0.0
    vertex 25.01344985206997 21.47078714313703 0.0
  endloop
endfacet
facet normal -0.9368511067326195 0.3497284715245921 4.351831211820176e-06
  outer loop
    vertex 25.301016909813214 22.056647500805596 0.0
    vertex 25.01950528642563 21.480063364637246 0.026134002561821797
    vertex 25.202462032684377 21.855861652740078 9.999999999999998
  endloop
endfacet
facet normal -0.8983240475346336 0.4393334788073007 4.479781571544721e-06
  outer loop
    vertex 25.202462032684377 21.855861652740078 9.999999999999998
    vertex 25.01950528642563 21.480063364637246 0.026134002561821797
    vertex 25.202462032684377 21.855861652740078 12.999999999999998
  endloop
endfacet
facet normal -0.9368511067326195 0.3497284715245921 4.351831211820176e-06
  outer loop
    vertex 25.301016909813214 22.056647500805596 0.0
    vertex 25.202462032684377 21.855861652740078 9.999999999999998
    vertex 25.301016909813214 22.056647500805596 9.999999999999998
  endloop
endfacet
facet normal -0.9368511067326195 0.3497284715245921 4.351831211820176e-06
  outer loop
    vertex 25.301016909813214 22.056647500805596 0.0
    vertex 25.301016909813214 22.056647500805596 9.999999999999998
    vertex 25.304465147455897 22.067174904460646 0.026134002561786406
  endloop
endfacet
facet normal 0.48173747929816674 -0.8763155830175842 0.0
  outer loop
    vertex 33.55074804067317 5.5291927927831495 6.0
    vertex 32.712113574333166 5.068169775851255 0.0
    vertex 33.55074804067317 5.5291927927831495 0.0
  endloop
endfacet
facet normal 0.48173747929816674 -0.8763155830175842 0.0
  outer loop
    vertex 32.712113574333166 5.068169775851255 0.0
    vertex 33.55074804067317 5.5291927927831495 6.0
    vertex 32.712113574333166 5.068169775851255 6.0
  endloop
endfacet
facet normal 0.9510667231624049 -0.3089855791022058 0.0
  outer loop
    vertex 42.238894787458726 16.58401650771592 0.0
    vertex 41.94320636262302 15.67387881746298 6.0
    vertex 41.94320636262302 15.67387881746298 0.0
  endloop
endfacet
facet normal 0.9510667231624049 -0.3089855791022058 0.0
  outer loop
    vertex 41.94320636262302 15.67387881746298 6.0
    vertex 42.238894787458726 16.58401650771592 0.0
    vertex 42.238894787458726 16.58401650771592 6.0
  endloop
endfacet
facet normal 0.9048187022010109 -0.425797036329844 0.0
  outer loop
    vertex 44.07671370989122 13.964872022570407 0.0
    vertex 43.261842768524644 12.233271272166252 6.0
    vertex 43.261842768524644 12.233271272166252 0.0
  endloop
endfacet
facet normal 0.9048187022010109 -0.425797036329844 0.0
  outer loop
    vertex 43.261842768524644 12.233271272166252 6.0
    vertex 44.07671370989122 13.964872022570407 0.0
    vertex 44.07671370989122 13.964872022570407 6.0
  endloop
endfacet
facet normal -0.07854939215474234 0.9969102231355241 0.0
  outer loop
    vertex 41.70791025181356 30.63432026324407 6.0
    vertex 44.433060259994264 30.849042583976043 0.0
    vertex 41.70791025181356 30.63432026324407 0.0
  endloop
endfacet
facet normal -0.07854939215474234 0.9969102231355241 0.0
  outer loop
    vertex 44.433060259994264 30.849042583976043 0.0
    vertex 41.70791025181356 30.63432026324407 6.0
    vertex 44.433060259994264 30.849042583976043 6.0
  endloop
endfacet
facet normal 0.9510503969937187 -0.30903582701377835 0.0
  outer loop
    vertex 42.534636374542664 17.494154197968875 0.0
    vertex 42.238894787458726 16.58401650771592 6.0
    vertex 42.238894787458726 16.58401650771592 0.0
  endloop
endfacet
facet normal 0.9510503969937187 -0.30903582701377835 0.0
  outer loop
    vertex 42.238894787458726 16.58401650771592 6.0
    vertex 42.534636374542664 17.494154197968875 0.0
    vertex 42.534636374542664 17.494154197968875 6.0
  endloop
endfacet
facet normal -0.9801536425777568 -0.19823934215982247 1.2712032085148772e-05
  outer loop
    vertex 25.383263737805112 23.34812646384749 9.999999999999998
    vertex 25.42775958857502 22.708034142812792 0.02613400256183179
    vertex 25.427153539342186 22.696972982164656 9.999999999999998
  endloop
endfacet
facet normal -0.9989693609529349 0.045389600798548424 4.0784183587756955e-06
  outer loop
    vertex 25.42775958857502 22.708034142812792 0.02613400256183179
    vertex 25.383263737805112 23.34812646384749 0.0
    vertex 25.427153539342186 22.696972982164656 0.0
  endloop
endfacet
facet normal -0.9862004594994908 -0.16555559057984973 1.0523788386560153e-05
  outer loop
    vertex 25.383263737805112 23.34812646384749 0.0
    vertex 25.42775958857502 22.708034142812792 0.02613400256183179
    vertex 25.383263737805112 23.34812646384749 9.999999999999998
  endloop
endfacet
facet normal -0.9862004594994908 -0.16555559057984973 1.0523788386560153e-05
  outer loop
    vertex 25.383263737805112 23.34812646384749 0.0
    vertex 25.383263737805112 23.34812646384749 9.999999999999998
    vertex 25.380986297374438 23.358967581669997 0.026134002561807156
  endloop
endfacet
facet normal 0.0 0.0 1.0
  outer loop
    vertex 28.90384510785448 21.855861652740078 9.999999999999998
    vertex 25.301016909813214 22.056647500805596 9.999999999999998
    vertex 25.202462032684377 21.855861652740078 9.999999999999998
  endloop
endfacet
facet normal 0.0 0.0 1.0
  outer loop
    vertex 25.301016909813214 22.056647500805596 9.999999999999998
    vertex 28.90384510785448 21.855861652740078 9.999999999999998
    vertex 25.427153539342186 22.696972982164656 9.999999999999998
  endloop
endfacet
facet normal 0.0 0.0 1.0
  outer loop
    vertex 25.383263737805112 23.34812646384749 9.999999999999998
    vertex 28.90384510785448 23.855861652740078 9.999999999999998
    vertex 25.209861801581756 23.855861652740078 9.999999999999998
  endloop
endfacet
facet normal 0.0 0.0 1.0
  outer loop
    vertex 28.90384510785448 23.855861652740078 9.999999999999998
    vertex 25.383263737805112 23.34812646384749 9.999999999999998
    vertex 25.427153539342186 22.696972982164656 9.999999999999998
  endloop
endfacet
facet normal 0.0 0.0 1.0
  outer loop
    vertex 28.90384510785448 23.855861652740078 9.999999999999998
    vertex 25.427153539342186 22.696972982164656 9.999999999999998
    vertex 28.90384510785448 21.855861652740078 9.999999999999998
  endloop
endfacet
facet normal 0.7996334550820684 0.600488415802931 0.0
  outer loop
    vertex 39.55957063728013 11.17183382335838 0.0
    vertex 41.201061376879444 8.985961661551706 6.0
    vertex 41.201061376879444 8.985961661551706 0.0
  endloop
endfacet
facet normal 0.7996334550820684 0.600488415802931 0.0
  outer loop
    vertex 41.201061376879444 8.985961661551706 6.0
    vertex 39.55957063728013 11.17183382335838 0.0
    vertex 39.55957063728013 11.17183382335838 6.0
  endloop
endfacet
facet normal -0.4400268527700419 -0.8979846150359659 -0.0
  outer loop
    vertex 39.981147266001265 7.511347219248203 6.0
    vertex 37.52643361473145 8.714196248434137 0.0
    vertex 39.981147266001265 7.511347219248203 0.0
  endloop
endfacet
facet normal -0.4400268527700419 -0.8979846150359659 -0.0
  outer loop
    vertex 37.52643361473145 8.714196248434137 0.0
    vertex 39.981147266001265 7.511347219248203 6.0
    vertex 37.52643361473145 8.714196248434137 6.0
  endloop
endfacet
facet normal 0.7705114587677633 -0.6374261462378003 0.0
  outer loop
    vertex 41.201061376879444 8.985961661551706 0.0
    vertex 39.981147266001265 7.511347219248203 6.0
    vertex 39.981147266001265 7.511347219248203 0.0
  endloop
endfacet
facet normal 0.7705114587677633 -0.6374261462378003 0.0
  outer loop
    vertex 39.981147266001265 7.511347219248203 6.0
    vertex 41.201061376879444 8.985961661551706 0.0
    vertex 41.201061376879444 8.985961661551706 6.0
  endloop
endfacet
facet normal 0.5877884415178725 -0.809014677257459 0.0
  outer loop
    vertex 37.177529779385075 4.878593198547408 6.0
    vertex 35.62923246098974 3.7536800253142366 0.0
    vertex 37.177529779385075 4.878593198547408 0.0
  endloop
endfacet
facet normal 0.5877884415178725 -0.809014677257459 0.0
  outer loop
    vertex 35.62923246098974 3.7536800253142366 0.0
    vertex 37.177529779385075 4.878593198547408 6.0
    vertex 35.62923246098974 3.7536800253142366 6.0
  endloop
endfacet
facet normal 0.9238437816461126 0.3827697311880993 0.0
  outer loop
    vertex 36.13119040908371 7.404012640006326 0.0
    vertex 37.177529779385075 4.878593198547408 6.0
    vertex 37.177529779385075 4.878593198547408 0.0
  endloop
endfacet
facet normal 0.9238437816461126 0.3827697311880993 0.0
  outer loop
    vertex 37.177529779385075 4.878593198547408 6.0
    vertex 36.13119040908371 7.404012640006326 0.0
    vertex 36.13119040908371 7.404012640006326 6.0
  endloop
endfacet
facet normal 0.41143664810621167 0.9114383602828694 0.0
  outer loop
    vertex 43.13228636950906 20.627271299315733 6.0
    vertex 45.623788296576436 19.50257077507554 0.0
    vertex 43.13228636950906 20.627271299315733 0.0
  endloop
endfacet
facet normal 0.41143664810621167 0.9114383602828694 0.0
  outer loop
    vertex 45.623788296576436 19.50257077507554 0.0
    vertex 43.13228636950906 20.627271299315733 6.0
    vertex 45.623788296576436 19.50257077507554 6.0
  endloop
endfacet
facet normal -0.32400012814646323 0.9460570368434852 0.0
  outer loop
    vertex 39.18392619105779 35.05922683511987 6.0
    vertex 41.77005692003231 35.944909891172095 0.0
    vertex 39.18392619105779 35.05922683511987 0.0
  endloop
endfacet
facet normal -0.32400012814646323 0.9460570368434852 0.0
  outer loop
    vertex 41.77005692003231 35.944909891172095 0.0
    vertex 39.18392619105779 35.05922683511987 6.0
    vertex 41.77005692003231 35.944909891172095 6.0
  endloop
endfacet
facet normal 0.8685923868604808 -0.4955272600856716 0.0
  outer loop
    vertex 39.318479841410024 38.908333096065284 0.0
    vertex 37.96390575568299 36.53394760191996 6.0
    vertex 37.96390575568299 36.53394760191996 0.0
  endloop
endfacet
facet normal 0.8685923868604808 -0.4955272600856716 0.0
  outer loop
    vertex 37.96390575568299 36.53394760191996 6.0
    vertex 39.318479841410024 38.908333096065284 0.0
    vertex 39.318479841410024 38.908333096065284 6.0
  endloop
endfacet
facet normal 0.9048281442152418 0.42577697147215643 0.0
  outer loop
    vertex 40.892986148198595 32.36613366264117 0.0
    vertex 41.70791025181356 30.63432026324407 6.0
    vertex 41.70791025181356 30.63432026324407 0.0
  endloop
endfacet
facet normal 0.9048281442152418 0.42577697147215643 0.0
  outer loop
    vertex 41.70791025181356 30.63432026324407 6.0
    vertex 40.892986148198595 32.36613366264117 0.0
    vertex 40.892986148198595 32.36613366264117 6.0
  endloop
endfacet
facet normal -0.5387999677844574 -0.8424337331242264 3.138027617764915e-06
  outer loop
    vertex 24.308006058422652 24.943159168845945 0.026134002561922286
    vertex 23.73142192225431 25.22467079223352 0.0
    vertex 24.31728227992287 24.937103734490282 0.0
  endloop
endfacet
facet normal -0.34970516898409454 -0.9368598052942412 3.1372351587318077e-06
  outer loop
    vertex 23.73142192225431 25.22467079223352 0.0
    vertex 24.308006058422652 24.943159168845945 0.026134002561922286
    vertex 23.72089451859925 25.228119029876204 0.026134002561877475
  endloop
endfacet
facet normal -0.30240429479959785 -0.95317975349716 3.13864525682623e-06
  outer loop
    vertex 23.72089451859925 25.228119029876204 0.026134002561877475
    vertex 24.308006058422652 24.943159168845945 0.026134002561922286
    vertex 23.73142192225431 25.22467079223352 12.999999999999998
  endloop
endfacet
facet normal -0.31835037187853743 -0.9479731223589322 3.139048393755447e-06
  outer loop
    vertex 23.73142192225431 25.22467079223352 12.999999999999998
    vertex 24.308006058422652 24.943159168845945 0.026134002561922286
    vertex 24.31728227992287 24.937103734490282 12.999999999999998
  endloop
endfacet
facet normal -0.30240429479959785 -0.95317975349716 3.13864525682623e-06
  outer loop
    vertex 23.72089451859925 25.228119029876204 0.026134002561877475
    vertex 23.091096440895246 25.35080742176248 0.0
    vertex 23.73142192225431 25.22467079223352 0.0
  endloop
endfacet
facet normal -0.09266099941695638 -0.9956977095482316 0.00010191887177080039
  outer loop
    vertex 23.091096440895246 25.35080742176248 0.0
    vertex 23.72089451859925 25.228119029876204 0.026134002561877475
    vertex 23.080035280247085 25.35141347099532 0.02613400256182417
  endloop
endfacet
facet normal -0.041386084560673365 -0.9991432173736219 0.0001522531590164536
  outer loop
    vertex 23.080035280247085 25.35141347099532 0.02613400256182417
    vertex 23.72089451859925 25.228119029876204 0.026134002561877475
    vertex 23.091096440895246 25.35080742176248 12.999999999999998
  endloop
endfacet
facet normal -0.058594868465173644 -0.9982818354812554 0.00013541685555074892
  outer loop
    vertex 23.091096440895246 25.35080742176248 12.999999999999998
    vertex 23.72089451859925 25.228119029876204 0.026134002561877475
    vertex 23.73142192225431 25.22467079223352 12.999999999999998
  endloop
endfacet
facet normal 0.07568707441804833 0.9971315278427296 0.0004277242810933326
  outer loop
    vertex 22.784380260392517 20.360309834484852 0.026134002561843766
    vertex 23.44390626506333 20.420064168691223 0.0
    vertex 22.796039782781172 20.370624639497432 0.0
  endloop
endfacet
facet normal -0.232770719339358 0.9725315467060236 0.00042764451072205886
  outer loop
    vertex 23.44390626506333 20.420064168691223 0.0
    vertex 22.784380260392517 20.360309834484852 0.026134002561843766
    vertex 23.435313699249704 20.407083125685453 0.026134002561841046
  endloop
endfacet
facet normal -0.18491678072318446 0.9827540898925217 0.00042779258435041243
  outer loop
    vertex 23.435313699249704 20.407083125685453 0.026134002561841046
    vertex 22.784380260392517 20.360309834484852 0.026134002561843766
    vertex 23.42447258142719 20.404805685254775 12.999999999999998
  endloop
endfacet
facet normal -0.2013078607273837 0.9795279282121359 0.00042785722522349417
  outer loop
    vertex 23.42447258142719 20.404805685254775 12.999999999999998
    vertex 22.784380260392517 20.360309834484852 0.026134002561843766
    vertex 22.77331909974436 20.36091588371769 12.999999999999998
  endloop
endfacet
facet normal -0.041386084560673365 -0.9991432173736219 0.0001522531590164536
  outer loop
    vertex 23.080035280247085 25.35141347099532 0.02613400256182417
    vertex 22.420509275576254 25.29165913678898 0.0
    vertex 23.091096440895246 25.35080742176248 0.0
  endloop
endfacet
facet normal 0.22991169928155777 -0.9732114719369019 0.00020352856191570333
  outer loop
    vertex 22.420509275576254 25.29165913678898 0.0
    vertex 23.080035280247085 25.35141347099532 0.02613400256182417
    vertex 22.429101841389883 25.30464017979475 0.02613400256183573
  endloop
endfacet
facet normal 0.1841008308560197 -0.9829073376915973 0.00022268843592609212
  outer loop
    vertex 22.429101841389883 25.30464017979475 0.02613400256183573
    vertex 23.080035280247085 25.35141347099532 0.02613400256182417
    vertex 23.091096440895246 25.35080742176248 12.999999999999998
  endloop
endfacet
facet normal 0.1841008308560197 -0.9829073376915973 0.00022268843592609212
  outer loop
    vertex 22.429101841389883 25.30464017979475 0.02613400256183573
    vertex 23.091096440895246 25.35080742176248 12.999999999999998
    vertex 22.439942959212402 25.306917620225427 12.999999999999998
  endloop
endfacet
facet normal 0.1841008308560197 -0.9829073376915973 0.00022268843592609212
  outer loop
    vertex 22.429101841389883 25.30464017979475 0.02613400256183573
    vertex 21.82233651090047 25.095992405065704 0.0
    vertex 22.420509275576254 25.29165913678898 0.0
  endloop
endfacet
facet normal 0.4128359128507793 -0.9108054117851418 0.00010451584404139363
  outer loop
    vertex 21.82233651090047 25.095992405065704 0.0
    vertex 22.429101841389883 25.30464017979475 0.02613400256183573
    vertex 21.812454240167412 25.090986678773216 0.026134002561824226
  endloop
endfacet
facet normal 0.4585735599952084 -0.8886564491562542 7.379917895743186e-05
  outer loop
    vertex 21.812454240167412 25.090986678773216 0.026134002561824226
    vertex 22.429101841389883 25.30464017979475 0.02613400256183573
    vertex 21.82233651090047 25.095992405065704 12.999999999999998
  endloop
endfacet
facet normal 0.4433688293500479 -0.8963392628266028 8.412033387026547e-05
  outer loop
    vertex 21.82233651090047 25.095992405065704 12.999999999999998
    vertex 22.429101841389883 25.30464017979475 0.02613400256183573
    vertex 22.439942959212402 25.306917620225427 12.999999999999998
  endloop
endfacet
facet normal 0.4585735599952084 -0.8886564491562542 7.379917895743186e-05
  outer loop
    vertex 21.812454240167412 25.090986678773216 0.026134002561824226
    vertex 21.28036595476899 24.732405981126124 0.0
    vertex 21.82233651090047 25.095992405065704 0.0
  endloop
endfacet
facet normal 0.6364902001969194 -0.7712847885466418 3.1381211124748687e-06
  outer loop
    vertex 21.28036595476899 24.732405981126124 0.0
    vertex 21.812454240167412 25.090986678773216 0.026134002561824226
    vertex 21.272115991544613 24.725013100946292 0.026134002561881226
  endloop
endfacet
facet normal 0.6742753249573763 -0.7384800512835616 3.138882221325611e-06
  outer loop
    vertex 21.272115991544613 24.725013100946292 0.026134002561881226
    vertex 21.812454240167412 25.090986678773216 0.026134002561824226
    vertex 21.82233651090047 25.095992405065704 12.999999999999998
  endloop
endfacet
facet normal 0.6742753249573763 -0.7384800512835616 3.138882221325611e-06
  outer loop
    vertex 21.272115991544613 24.725013100946292 0.026134002561881226
    vertex 21.82233651090047 25.095992405065704 12.999999999999998
    vertex 21.28036595476899 24.732405981126124 12.999999999999998
  endloop
endfacet
facet normal 0.9370990735637993 -0.34906347916568 -0.0001176376644401287
  outer loop
    vertex 20.563398630826367 23.655075804674613 0.0
    vertex 20.563398630826367 23.655075804674613 9.999999999999998
    vertex 20.559950393183676 23.64454840101954 0.026134002561889965
  endloop
endfacet
facet normal 0.948140032994106 -0.3178529049042273 -9.315513929892106e-05
  outer loop
    vertex 20.563398630826367 23.655075804674613 9.999999999999998
    vertex 20.563398630826367 23.655075804674613 0.0
    vertex 20.844910254213957 24.23165994084293 0.026134002561895315
  endloop
endfacet
facet normal 0.8427651970265668 -0.5382813497433477 -0.00010582651739823718
  outer loop
    vertex 20.844910254213957 24.23165994084293 0.026134002561895315
    vertex 20.563398630826367 23.655075804674613 0.0
    vertex 20.850965688569627 24.240936162343168 0.0
  endloop
endfacet
facet normal 0.948140032994106 -0.3178529049042273 -9.315513929892106e-05
  outer loop
    vertex 20.563398630826367 23.655075804674613 9.999999999999998
    vertex 20.844910254213957 24.23165994084293 0.026134002561895315
    vertex 20.659707304813498 23.840771586623138 9.999999999999998
  endloop
endfacet
facet normal 0.8988205207290991 -0.4383168214111527 -0.00018863799862980468
  outer loop
    vertex 20.659707304813498 23.840771586623138 9.999999999999998
    vertex 20.844910254213957 24.23165994084293 0.026134002561895315
    vertex 20.659707304813498 23.840771586623138 12.999999999999998
  endloop
endfacet
facet normal 0.8335789307719834 -0.5524003597277309 -9.351850147400049e-05
  outer loop
    vertex 20.850965688569627 24.240936162343168 12.999999999999998
    vertex 20.659707304813498 23.840771586623138 12.999999999999998
    vertex 20.844910254213957 24.23165994084293 0.026134002561895315
  endloop
endfacet
facet normal 0.8146641358618588 -0.5799330487001558 -6.903472792224946e-05
  outer loop
    vertex 20.850965688569627 24.240936162343168 0.0
    vertex 20.850965688569627 24.240936162343168 12.999999999999998
    vertex 20.844910254213957 24.23165994084293 0.026134002561895315
  endloop
endfacet
facet normal 0.8335789307719834 -0.5524003597277309 -9.351850147400049e-05
  outer loop
    vertex 20.850965688569627 24.240936162343168 12.999999999999998
    vertex 20.850965688569627 24.240936162343168 0.0
    vertex 21.272115991544613 24.725013100946292 0.026134002561881226
  endloop
endfacet
facet normal 0.6742753249573763 -0.7384800512835616 3.138882221325611e-06
  outer loop
    vertex 21.272115991544613 24.725013100946292 0.026134002561881226
    vertex 20.850965688569627 24.240936162343168 0.0
    vertex 21.28036595476899 24.732405981126124 0.0
  endloop
endfacet
facet normal 0.6617928213256921 -0.7496867756816339 3.139503107276662e-06
  outer loop
    vertex 21.28036595476899 24.732405981126124 12.999999999999998
    vertex 20.850965688569627 24.240936162343168 12.999999999999998
    vertex 21.272115991544613 24.725013100946292 0.026134002561881226
  endloop
endfacet
facet normal 0.9954473216538693 -0.0953133243335873 4.076600179592355e-06
  outer loop
    vertex 20.43726200129741 23.014750323315546 0.0
    vertex 20.43726200129741 23.014750323315546 9.999999999999998
    vertex 20.436655952064566 23.003689162667374 0.02613400256188039
  endloop
endfacet
facet normal 0.9980654584692202 -0.06217186336267531 4.07894734972062e-06
  outer loop
    vertex 20.43726200129741 23.014750323315546 9.999999999999998
    vertex 20.43726200129741 23.014750323315546 0.0
    vertex 20.559950393183676 23.64454840101954 0.026134002561889965
  endloop
endfacet
facet normal 0.9533269783407837 -0.3019398381285119 -8.073759355007713e-05
  outer loop
    vertex 20.559950393183676 23.64454840101954 0.026134002561889965
    vertex 20.43726200129741 23.014750323315546 0.0
    vertex 20.563398630826367 23.655075804674613 0.0
  endloop
endfacet
facet normal 0.948140032994106 -0.3178529049042273 -9.315513929892106e-05
  outer loop
    vertex 20.563398630826367 23.655075804674613 9.999999999999998
    vertex 20.43726200129741 23.014750323315546 9.999999999999998
    vertex 20.559950393183676 23.64454840101954 0.026134002561889965
  endloop
endfacet
facet normal 0.9857552330042475 0.16818619704523868 0.0001540396106013545
  outer loop
    vertex 20.481151802834475 22.363596841632702 0.0
    vertex 20.481151802834475 22.363596841632702 9.999999999999998
    vertex 20.483429243265157 22.352755723810176 0.02613400256187476
  endloop
endfacet
facet normal 0.9794403493294734 0.20173388445531865 0.00020486075064597855
  outer loop
    vertex 20.481151802834475 22.363596841632702 9.999999999999998
    vertex 20.481151802834475 22.363596841632702 0.0
    vertex 20.436655952064566 23.003689162667374 0.02613400256188039
  endloop
endfacet
facet normal 0.998969360952936 -0.04538960079852433 4.078418358682001e-06
  outer loop
    vertex 20.436655952064566 23.003689162667374 0.02613400256188039
    vertex 20.481151802834475 22.363596841632702 0.0
    vertex 20.43726200129741 23.014750323315546 0.0
  endloop
endfacet
facet normal 0.9980654584692202 -0.06217186336267531 4.07894734972062e-06
  outer loop
    vertex 20.43726200129741 23.014750323315546 9.999999999999998
    vertex 20.481151802834475 22.363596841632702 9.999999999999998
    vertex 20.436655952064566 23.003689162667374 0.02613400256188039
  endloop
endfacet
facet normal 0.9857552330042475 0.16818619704523868 0.0001540396106013545
  outer loop
    vertex 20.481151802834475 22.363596841632702 0.0
    vertex 20.69708274428668 21.736108122587694 0.02613400256188748
    vertex 20.711845388657004 21.731168082509413 0.0
  endloop
endfacet
facet normal 0.9004586756981499 0.4349413764115058 0.00041526521519972827
  outer loop
    vertex 20.69708274428668 21.736108122587694 0.02613400256188748
    vertex 20.481151802834475 22.363596841632702 0.0
    vertex 20.483429243265157 22.352755723810176 0.02613400256187476
  endloop
endfacet
facet normal 0.9004586756981499 0.4349413764115058 0.00041526521519972827
  outer loop
    vertex 20.69708274428668 21.736108122587694 0.02613400256188748
    vertex 20.483429243265157 22.352755723810176 0.02613400256187476
    vertex 20.659707304813498 21.840771586623138 9.999999999999998
  endloop
endfacet
facet normal 0.9004586756981499 0.4349413764115058 0.00041526521519972827
  outer loop
    vertex 20.69708274428668 21.736108122587694 0.02613400256188748
    vertex 20.659707304813498 21.840771586623138 9.999999999999998
    vertex 20.69207701799418 21.745990393320763 12.999999999999998
  endloop
endfacet
facet normal 0.9794403493294734 0.20173388445531865 0.00020486075064597855
  outer loop
    vertex 20.481151802834475 22.363596841632702 9.999999999999998
    vertex 20.659707304813498 21.840771586623138 9.999999999999998
    vertex 20.483429243265157 22.352755723810176 0.02613400256187476
  endloop
endfacet
facet normal 0.9435305077146576 0.33128540444738297 0.00040225844202310297
  outer loop
    vertex 20.659707304813498 21.840771586623138 12.999999999999998
    vertex 20.69207701799418 21.745990393320763 12.999999999999998
    vertex 20.659707304813498 21.840771586623138 9.999999999999998
  endloop
endfacet
facet normal 0.8784153720819315 0.47789774880647107 0.00041925632831259777
  outer loop
    vertex 20.711845388657004 21.731168082509413 0.0
    vertex 21.063056322113603 21.195769873964906 0.02613400256180994
    vertex 21.078594518031025 21.19481901518949 0.0
  endloop
endfacet
facet normal 0.7586080826404079 0.6515470773308626 0.0004277549008930146
  outer loop
    vertex 21.063056322113603 21.195769873964906 0.02613400256180994
    vertex 20.711845388657004 21.731168082509413 0.0
    vertex 21.055663441933774 21.204019837189286 12.999999999999998
  endloop
endfacet
facet normal 0.7476021322165043 0.664146722419633 0.00042779036391265597
  outer loop
    vertex 21.055663441933774 21.204019837189286 12.999999999999998
    vertex 20.711845388657004 21.731168082509413 0.0
    vertex 20.69207701799418 21.745990393320763 12.999999999999998
  endloop
endfacet
facet normal 0.8931712239221841 0.44971656750474576 0.00041673624395197734
  outer loop
    vertex 20.69207701799418 21.745990393320763 12.999999999999998
    vertex 20.711845388657004 21.731168082509413 0.0
    vertex 20.69708274428668 21.736108122587694 0.02613400256188748
  endloop
endfacet
facet normal 0.7586080826404079 0.6515470773308626 0.0004277549008930146
  outer loop
    vertex 21.063056322113603 21.195769873964906 0.02613400256180994
    vertex 21.571664327307815 20.771667258615903 0.0
    vertex 21.078594518031025 21.19481901518949 0.0
  endloop
endfacet
facet normal 0.5229375315784555 0.8523709024696078 0.0004274222483418647
  outer loop
    vertex 21.571664327307815 20.771667258615903 0.0
    vertex 21.063056322113603 21.195769873964906 0.02613400256180994
    vertex 21.556409482216953 20.76856413663425 0.026134002561847253
  endloop
endfacet
facet normal 0.5640119166170287 0.8257665378918762 0.00042756525910329007
  outer loop
    vertex 21.556409482216953 20.76856413663425 0.026134002561847253
    vertex 21.063056322113603 21.195769873964906 0.02613400256180994
    vertex 21.055663441933774 21.204019837189286 12.999999999999998
  endloop
endfacet
facet normal 0.5640119166170287 0.8257665378918762 0.00042756525910329007
  outer loop
    vertex 21.556409482216953 20.76856413663425 0.026134002561847253
    vertex 21.055663441933774 21.204019837189286 12.999999999999998
    vertex 21.547133260716723 20.774619570989913 12.999999999999998
  endloop
endfacet
facet normal 0.5640119166170287 0.8257665378918762 0.00042756525910329007
  outer loop
    vertex 21.556409482216953 20.76856413663425 0.026134002561847253
    vertex 22.157452923821538 20.49054990570778 0.0
    vertex 21.571664327307815 20.771667258615903 0.0
  endloop
endfacet
facet normal 0.2845731997449272 0.9586542188014827 0.00042750561727247755
  outer loop
    vertex 22.157452923821538 20.49054990570778 0.0
    vertex 21.556409482216953 20.76856413663425 0.026134002561847253
    vertex 22.143521022040353 20.48360427560398 0.026134002561841296
  endloop
endfacet
facet normal 0.331132878896036 0.9435840363354528 0.000427652800877557
  outer loop
    vertex 22.143521022040353 20.48360427560398 0.026134002561841296
    vertex 21.556409482216953 20.76856413663425 0.026134002561847253
    vertex 22.13299361838529 20.487052513246667 12.999999999999998
  endloop
endfacet
facet normal 0.31532281067037593 0.9489843740170223 0.00042771772794704816
  outer loop
    vertex 22.13299361838529 20.487052513246667 12.999999999999998
    vertex 21.556409482216953 20.76856413663425 0.026134002561847253
    vertex 21.547133260716723 20.774619570989913 12.999999999999998
  endloop
endfacet
facet normal 0.331132878896036 0.9435840363354528 0.000427652800877557
  outer loop
    vertex 22.143521022040353 20.48360427560398 0.026134002561841296
    vertex 22.796039782781172 20.370624639497432 0.0
    vertex 22.157452923821538 20.49054990570778 0.0
  endloop
endfacet
facet normal 0.026815012495672134 0.9996403214576017 0.00042757572344041643
  outer loop
    vertex 22.796039782781172 20.370624639497432 0.0
    vertex 22.143521022040353 20.48360427560398 0.026134002561841296
    vertex 22.784380260392517 20.360309834484852 0.026134002561843766
  endloop
endfacet
facet normal 0.07568707441804833 0.9971315278427296 0.0004277242810933326
  outer loop
    vertex 22.784380260392517 20.360309834484852 0.026134002561843766
    vertex 22.143521022040353 20.48360427560398 0.026134002561841296
    vertex 22.13299361838529 20.487052513246667 12.999999999999998
  endloop
endfacet
facet normal 0.07568707441804833 0.9971315278427296 0.0004277242810933326
  outer loop
    vertex 22.784380260392517 20.360309834484852 0.026134002561843766
    vertex 22.13299361838529 20.487052513246667 12.999999999999998
    vertex 22.77331909974436 20.36091588371769 12.999999999999998
  endloop
endfacet
facet normal -0.4329185473117604 0.9014329416668422 0.0004278683661018569
  outer loop
    vertex 24.051961300472193 20.62073662670696 0.02613400256186381
    vertex 24.593250407870386 21.002248400451307 0.0
    vertex 24.056901340550464 20.635499271077272 0.0
  endloop
endfacet
facet normal -0.6845641267954649 0.7289525955503595 0.00026409308330325434
  outer loop
    vertex 24.593250407870386 21.002248400451307 0.0
    vertex 24.051961300472193 20.62073662670696 0.02613400256186381
    vertex 24.59229954909498 20.986710204533885 0.026134002561832063
  endloop
endfacet
facet normal -0.6491697319100977 0.7606435178354211 0.0003129644181630421
  outer loop
    vertex 24.59229954909498 20.986710204533885 0.026134002561832063
    vertex 24.051961300472193 20.62073662670696 0.02613400256186381
    vertex 24.58404958587061 20.97931732435406 12.999999999999998
  endloop
endfacet
facet normal -0.6614128750517098 0.750021946934083 0.00029636639315337363
  outer loop
    vertex 24.58404958587061 20.97931732435406 12.999999999999998
    vertex 24.051961300472193 20.62073662670696 0.02613400256186381
    vertex 24.04207902973913 20.61573090041447 12.999999999999998
  endloop
endfacet
facet normal -0.7496867756816388 -0.6617928213256863 3.1395031072492332e-06
  outer loop
    vertex 24.808752098705842 24.507703468290906 12.999999999999998
    vertex 25.167332796352923 23.975615182892483 0.026134002561914824
    vertex 25.172338522645415 23.965732912159428 12.999999999999998
  endloop
endfacet
facet normal -0.8878437360347039 -0.46014508609884414 1.1091733164622191e-05
  outer loop
    vertex 25.167332796352923 23.975615182892483 0.026134002561914824
    vertex 24.808752098705842 24.507703468290906 0.0
    vertex 25.172338522645415 23.965732912159428 0.0
  endloop
endfacet
facet normal -0.771284788546616 -0.6364902001969504 3.1381211124519035e-06
  outer loop
    vertex 24.808752098705842 24.507703468290906 0.0
    vertex 25.167332796352923 23.975615182892483 0.026134002561914824
    vertex 24.808752098705842 24.507703468290906 12.999999999999998
  endloop
endfacet
facet normal -0.771284788546616 -0.6364902001969504 3.1381211124519035e-06
  outer loop
    vertex 24.808752098705842 24.507703468290906 0.0
    vertex 24.808752098705842 24.507703468290906 12.999999999999998
    vertex 24.801359218526013 24.515953431515282 0.026134002561913932
  endloop
endfacet
facet normal -0.18491678072318446 0.9827540898925217 0.00042779258435041243
  outer loop
    vertex 23.435313699249704 20.407083125685453 0.026134002561841046
    vertex 24.056901340550464 20.635499271077272 0.0
    vertex 23.44390626506333 20.420064168691223 0.0
  endloop
endfacet
facet normal -0.4764932414005995 0.8791780297258486 0.00042772295328055325
  outer loop
    vertex 24.056901340550464 20.635499271077272 0.0
    vertex 23.435313699249704 20.407083125685453 0.026134002561841046
    vertex 24.051961300472193 20.62073662670696 0.02613400256186381
  endloop
endfacet
facet normal -0.4329185473117604 0.9014329416668422 0.0004278683661018569
  outer loop
    vertex 24.051961300472193 20.62073662670696 0.02613400256186381
    vertex 23.435313699249704 20.407083125685453 0.026134002561841046
    vertex 23.42447258142719 20.404805685254775 12.999999999999998
  endloop
endfacet
facet normal -0.4329185473117604 0.9014329416668422 0.0004278683661018569
  outer loop
    vertex 24.051961300472193 20.62073662670696 0.02613400256186381
    vertex 23.42447258142719 20.404805685254775 12.999999999999998
    vertex 24.04207902973913 20.61573090041447 12.999999999999998
  endloop
endfacet
facet normal -0.8321552730868707 0.554542689329172 8.476606182929262e-05
  outer loop
    vertex 25.01344985206997 21.47078714313703 12.999999999999998
    vertex 24.59229954909498 20.986710204533885 0.026134002561832063
    vertex 24.58404958587061 20.97931732435406 12.999999999999998
  endloop
endfacet
facet normal -0.6491697319100977 0.7606435178354211 0.0003129644181630421
  outer loop
    vertex 24.59229954909498 20.986710204533885 0.026134002561832063
    vertex 25.01344985206997 21.47078714313703 12.999999999999998
    vertex 24.593250407870386 21.002248400451307 0.0
  endloop
endfacet
facet normal -0.6845641267954649 0.7289525955503595 0.00026409308330325434
  outer loop
    vertex 24.593250407870386 21.002248400451307 0.0
    vertex 25.01344985206997 21.47078714313703 12.999999999999998
    vertex 25.01344985206997 21.47078714313703 0.0
  endloop
endfacet
facet normal -0.8129565279278071 0.5823243706728093 0.00010497657545722859
  outer loop
    vertex 25.01344985206997 21.47078714313703 0.0
    vertex 25.01344985206997 21.47078714313703 12.999999999999998
    vertex 25.01950528642563 21.480063364637246 0.026134002561821797
  endloop
endfacet
facet normal -0.9458712165221379 -0.3245422026587308 2.1174282326547907e-05
  outer loop
    vertex 25.209861801581756 23.855861652740078 9.999999999999998
    vertex 25.380986297374438 23.358967581669997 0.026134002561807156
    vertex 25.383263737805112 23.34812646384749 9.999999999999998
  endloop
endfacet
facet normal -0.89543870153049 -0.4451848286400062 1.225391276384003e-05
  outer loop
    vertex 25.172338522645415 23.965732912159428 12.999999999999998
    vertex 25.209861801581756 23.855861652740078 9.999999999999998
    vertex 25.209861801581756 23.855861652740078 12.999999999999998
  endloop
endfacet
facet normal -0.9766842947230989 -0.21468066575833686 1.3813047835912186e-05
  outer loop
    vertex 25.380986297374438 23.358967581669997 0.026134002561807156
    vertex 25.172338522645415 23.965732912159428 0.0
    vertex 25.383263737805112 23.34812646384749 0.0
  endloop
endfacet
facet normal -0.9097533558379294 -0.4151491675650761 1.4548219173845424e-05
  outer loop
    vertex 25.172338522645415 23.965732912159428 0.0
    vertex 25.380986297374438 23.358967581669997 0.026134002561807156
    vertex 25.209861801581756 23.855861652740078 9.999999999999998
  endloop
endfacet
facet normal -0.9097533558379294 -0.4151491675650761 1.4548219173845424e-05
  outer loop
    vertex 25.172338522645415 23.965732912159428 0.0
    vertex 25.209861801581756 23.855861652740078 9.999999999999998
    vertex 25.172338522645415 23.965732912159428 12.999999999999998
  endloop
endfacet
facet normal -0.9097533558379294 -0.4151491675650761 1.4548219173845424e-05
  outer loop
    vertex 25.172338522645415 23.965732912159428 0.0
    vertex 25.172338522645415 23.965732912159428 12.999999999999998
    vertex 25.167332796352923 23.975615182892483 0.026134002561914824
  endloop
endfacet
facet normal -0.738480051283583 -0.6742753249573531 3.138882221295947e-06
  outer loop
    vertex 24.801359218526013 24.515953431515282 0.026134002561913932
    vertex 24.31728227992287 24.937103734490282 0.0
    vertex 24.808752098705842 24.507703468290906 0.0
  endloop
endfacet
facet normal -0.580265170555009 -0.8144276099389852 3.1365865067062024e-06
  outer loop
    vertex 24.31728227992287 24.937103734490282 0.0
    vertex 24.801359218526013 24.515953431515282 0.026134002561913932
    vertex 24.308006058422652 24.943159168845945 0.026134002561922286
  endloop
endfacet
facet normal -0.5387999677844574 -0.8424337331242264 3.138027617764915e-06
  outer loop
    vertex 24.308006058422652 24.943159168845945 0.026134002561922286
    vertex 24.801359218526013 24.515953431515282 0.026134002561913932
    vertex 24.808752098705842 24.507703468290906 12.999999999999998
  endloop
endfacet
facet normal -0.5387999677844574 -0.8424337331242264 3.138027617764915e-06
  outer loop
    vertex 24.308006058422652 24.943159168845945 0.026134002561922286
    vertex 24.808752098705842 24.507703468290906 12.999999999999998
    vertex 24.31728227992287 24.937103734490282 12.999999999999998
  endloop
endfacet
facet normal -0.9048174432470302 0.42579971159678776 0.0
  outer loop
    vertex 4.564882771550767 31.500226962942627 6.0
    vertex 4.157394138619198 30.63432026324407 0.0
    vertex 4.157394138619198 30.63432026324407 6.0
  endloop
endfacet
facet normal -0.9048174432470302 0.42579971159678776 0.0
  outer loop
    vertex 4.157394138619198 30.63432026324407 0.0
    vertex 4.564882771550767 31.500226962942627 6.0
    vertex 4.564882771550767 31.500226962942627 0.0
  endloop
endfacet
facet normal -0.9048388448650783 0.425754230540615 0.0
  outer loop
    vertex 4.972318242234046 32.36613366264117 6.0
    vertex 4.564882771550767 31.500226962942627 0.0
    vertex 4.564882771550767 31.500226962942627 6.0
  endloop
endfacet
facet normal -0.9048388448650783 0.425754230540615 0.0
  outer loop
    vertex 4.564882771550767 31.500226962942627 0.0
    vertex 4.972318242234046 32.36613366264117 6.0
    vertex 4.972318242234046 32.36613366264117 0.0
  endloop
endfacet
facet normal -0.7180667780987053 -0.6959742108662825 -0.0
  outer loop
    vertex 3.069800863666245 34.3290433552353 6.0
    vertex 4.972318242234046 32.36613366264117 0.0
    vertex 4.972318242234046 32.36613366264117 6.0
  endloop
endfacet
facet normal -0.7180667780987053 -0.6959742108662825 -0.0
  outer loop
    vertex 4.972318242234046 32.36613366264117 0.0
    vertex 3.069800863666245 34.3290433552353 6.0
    vertex 3.069800863666245 34.3290433552353 0.0
  endloop
endfacet
facet normal -0.8443311119427412 0.5358217739188414 0.0
  outer loop
    vertex 4.095247470400387 35.944909891172095 6.0
    vertex 3.069800863666245 34.3290433552353 0.0
    vertex 3.069800863666245 34.3290433552353 6.0
  endloop
endfacet
facet normal -0.8443311119427412 0.5358217739188414 0.0
  outer loop
    vertex 3.069800863666245 34.3290433552353 0.0
    vertex 4.095247470400387 35.944909891172095 6.0
    vertex 4.095247470400387 35.944909891172095 0.0
  endloop
endfacet
facet normal 0.3240001281464563 0.9460570368434876 0.0
  outer loop
    vertex 4.095247470400387 35.944909891172095 6.0
    vertex 6.681378199374968 35.05922683511987 0.0
    vertex 4.095247470400387 35.944909891172095 0.0
  endloop
endfacet
facet normal 0.3240001281464563 0.9460570368434876 0.0
  outer loop
    vertex 6.681378199374968 35.05922683511987 0.0
    vertex 4.095247470400387 35.944909891172095 6.0
    vertex 6.681378199374968 35.05922683511987 6.0
  endloop
endfacet
facet normal -0.770493104150906 0.6374483323814575 0.0
  outer loop
    vertex 7.291414998186444 35.79658721851995 6.0
    vertex 6.681378199374968 35.05922683511987 0.0
    vertex 6.681378199374968 35.05922683511987 6.0
  endloop
endfacet
facet normal -0.770493104150906 0.6374483323814575 0.0
  outer loop
    vertex 6.681378199374968 35.05922683511987 0.0
    vertex 7.291414998186444 35.79658721851995 6.0
    vertex 7.291414998186444 35.79658721851995 0.0
  endloop
endfacet
facet normal -0.7705203882855254 0.6374153522126081 0.0
  outer loop
    vertex 7.901398634749702 36.53394760191996 6.0
    vertex 7.291414998186444 35.79658721851995 0.0
    vertex 7.291414998186444 35.79658721851995 6.0
  endloop
endfacet
facet normal -0.7705203882855254 0.6374153522126081 0.0
  outer loop
    vertex 7.291414998186444 35.79658721851995 0.0
    vertex 7.901398634749702 36.53394760191996 6.0
    vertex 7.901398634749702 36.53394760191996 0.0
  endloop
endfacet
facet normal -0.8685923868604907 -0.49552726008565445 -0.0
  outer loop
    vertex 6.546824549022732 38.908333096065284 6.0
    vertex 7.901398634749702 36.53394760191996 0.0
    vertex 7.901398634749702 36.53394760191996 6.0
  endloop
endfacet
facet normal -0.8685923868604907 -0.49552726008565445 -0.0
  outer loop
    vertex 7.901398634749702 36.53394760191996 0.0
    vertex 6.546824549022732 38.908333096065284 6.0
    vertex 6.546824549022732 38.908333096065284 0.0
  endloop
endfacet
facet normal -0.6845341409352672 0.7289808021436613 0.0
  outer loop
    vertex 6.546824549022732 38.908333096065284 6.0
    vertex 7.941908267925639 40.21835721774823 0.0
    vertex 6.546824549022732 38.908333096065284 0.0
  endloop
endfacet
facet normal -0.6845341409352672 0.7289808021436613 0.0
  outer loop
    vertex 7.941908267925639 40.21835721774823 0.0
    vertex 6.546824549022732 38.908333096065284 6.0
    vertex 7.941908267925639 40.21835721774823 6.0
  endloop
endfacet
facet normal 0.5490956124117717 0.8357595398379496 0.0
  outer loop
    vertex 7.941908267925639 40.21835721774823 6.0
    vertex 10.226502724755678 38.717374300306616 0.0
    vertex 7.941908267925639 40.21835721774823 0.0
  endloop
endfacet
facet normal 0.5490956124117717 0.8357595398379496 0.0
  outer loop
    vertex 10.226502724755678 38.717374300306616 0.0
    vertex 7.941908267925639 40.21835721774823 6.0
    vertex 10.226502724755678 38.717374300306616 6.0
  endloop
endfacet
facet normal -0.5877719678824049 0.8090266458971824 0.0
  outer loop
    vertex 10.226502724755678 38.717374300306616 6.0
    vertex 11.000757708449818 39.27988404917155 0.0
    vertex 10.226502724755678 38.717374300306616 0.0
  endloop
endfacet
facet normal -0.5877719678824049 0.8090266458971824 0.0
  outer loop
    vertex 11.000757708449818 39.27988404917155 0.0
    vertex 10.226502724755678 38.717374300306616 6.0
    vertex 11.000757708449818 39.27988404917155 6.0
  endloop
endfacet
facet normal -0.5877983839529914 0.8090074535022849 0.0
  outer loop
    vertex 11.000757708449818 39.27988404917155 6.0
    vertex 11.774959529895709 39.84239379803639 0.0
    vertex 11.000757708449818 39.27988404917155 0.0
  endloop
endfacet
facet normal -0.5877983839529914 0.8090074535022849 0.0
  outer loop
    vertex 11.774959529895709 39.84239379803639 0.0
    vertex 11.000757708449818 39.27988404917155 6.0
    vertex 11.774959529895709 39.84239379803639 6.0
  endloop
endfacet
facet normal -0.9645323195766118 -0.2639647788856706 -0.0
  outer loop
    vertex 11.053388334229645 42.47902866286017 6.0
    vertex 11.774959529895709 39.84239379803639 0.0
    vertex 11.774959529895709 39.84239379803639 6.0
  endloop
endfacet
facet normal -0.9645323195766118 -0.2639647788856706 -0.0
  outer loop
    vertex 11.774959529895709 39.84239379803639 0.0
    vertex 11.053388334229645 42.47902866286017 6.0
    vertex 11.053388334229645 42.47902866286017 0.0
  endloop
endfacet
facet normal -0.4817417227486669 0.8763132502496734 0.0
  outer loop
    vertex 11.053388334229645 42.47902866286017 6.0
    vertex 12.73044461791654 43.40096837222736 0.0
    vertex 11.053388334229645 42.47902866286017 0.0
  endloop
endfacet
facet normal -0.4817417227486669 0.8763132502496734 0.0
  outer loop
    vertex 12.73044461791654 43.40096837222736 0.0
    vertex 11.053388334229645 42.47902866286017 6.0
    vertex 12.73044461791654 43.40096837222736 6.0
  endloop
endfacet
facet normal 0.7396821801027167 0.6729563674106162 0.0
  outer loop
    vertex 12.73044461791654 43.40096837222736 0.0
    vertex 14.570017894541687 41.37899542181387 6.0
    vertex 14.570017894541687 41.37899542181387 0.0
  endloop
endfacet
facet normal 0.7396821801027167 0.6729563674106162 0.0
  outer loop
    vertex 14.570017894541687 41.37899542181387 6.0
    vertex 12.73044461791654 43.40096837222736 0.0
    vertex 12.73044461791654 43.40096837222736 6.0
  endloop
endfacet
facet normal -0.3680744645335427 0.9297963156295824 0.0
  outer loop
    vertex 14.570017894541687 41.37899542181387 6.0
    vertex 15.459847605958352 41.73124847880082 0.0
    vertex 14.570017894541687 41.37899542181387 0.0
  endloop
endfacet
facet normal -0.3680744645335427 0.9297963156295824 0.0
  outer loop
    vertex 15.459847605958352 41.73124847880082 0.0
    vertex 14.570017894541687 41.37899542181387 6.0
    vertex 15.459847605958352 41.73124847880082 6.0
  endloop
endfacet
facet normal -0.36816051650551845 0.929762245999691 0.0
  outer loop
    vertex 15.459847605958352 41.73124847880082 6.0
    vertex 16.349570992878526 42.0835546980358 0.0
    vertex 15.459847605958352 41.73124847880082 0.0
  endloop
endfacet
facet normal -0.36816051650551845 0.929762245999691 0.0
  outer loop
    vertex 16.349570992878526 42.0835546980358 0.0
    vertex 15.459847605958352 41.73124847880082 6.0
    vertex 16.349570992878526 42.0835546980358 6.0
  endloop
endfacet
facet normal -0.9998753081578716 -0.01579139437165881 -0.0
  outer loop
    vertex 16.306403247289413 44.81683853020086 6.0
    vertex 16.349570992878526 42.0835546980358 0.0
    vertex 16.349570992878526 42.0835546980358 6.0
  endloop
endfacet
facet normal -0.9998753081578716 -0.01579139437165881 -0.0
  outer loop
    vertex 16.349570992878526 42.0835546980358 0.0
    vertex 16.306403247289413 44.81683853020086 6.0
    vertex 16.306403247289413 44.81683853020086 0.0
  endloop
endfacet
facet normal -0.24867675907137582 0.9685865317552981 0.0
  outer loop
    vertex 16.306403247289413 44.81683853020086 6.0
    vertex 18.160048571029623 45.292746976646185 0.0
    vertex 16.306403247289413 44.81683853020086 0.0
  endloop
endfacet
facet normal -0.24867675907137582 0.9685865317552981 0.0
  outer loop
    vertex 18.160048571029623 45.292746976646185 0.0
    vertex 16.306403247289413 44.81683853020086 6.0
    vertex 18.160048571029623 45.292746976646185 6.0
  endloop
endfacet
facet normal 0.8838041415674858 0.46785707149530126 0.0
  outer loop
    vertex 18.160048571029623 45.292746976646185 0.0
    vertex 19.43897809370396 42.8767886043597 6.0
    vertex 19.43897809370396 42.8767886043597 0.0
  endloop
endfacet
facet normal 0.8838041415674858 0.46785707149530126 0.0
  outer loop
    vertex 19.43897809370396 42.8767886043597 6.0
    vertex 18.160048571029623 45.292746976646185 0.0
    vertex 18.160048571029623 45.292746976646185 6.0
  endloop
endfacet
facet normal -0.12532341688174098 0.9921159414005429 0.0
  outer loop
    vertex 19.43897809370396 42.8767886043597 6.0
    vertex 20.388429266547014 42.99672263643976 0.0
    vertex 19.43897809370396 42.8767886043597 0.0
  endloop
endfacet
facet normal -0.12532341688174098 0.9921159414005429 0.0
  outer loop
    vertex 20.388429266547014 42.99672263643976 0.0
    vertex 19.43897809370396 42.8767886043597 6.0
    vertex 20.388429266547014 42.99672263643976 6.0
  endloop
endfacet
facet normal -0.12532756120179278 0.9921154178840338 0.0
  outer loop
    vertex 20.388429266547014 42.99672263643976 6.0
    vertex 21.337848542041083 43.11665666851984 0.0
    vertex 20.388429266547014 42.99672263643976 0.0
  endloop
endfacet
facet normal -0.12532756120179278 0.9921154178840338 0.0
  outer loop
    vertex 21.337848542041083 43.11665666851984 0.0
    vertex 20.388429266547014 42.99672263643976 6.0
    vertex 21.337848542041083 43.11665666851984 6.0
  endloop
endfacet
facet normal -0.9723895085698231 0.2333637581616693 0.0
  outer loop
    vertex 21.97576894006621 45.77476908164178 6.0
    vertex 21.337848542041083 43.11665666851984 0.0
    vertex 21.337848542041083 43.11665666851984 6.0
  endloop
endfacet
facet normal -0.9723895085698231 0.2333637581616693 0.0
  outer loop
    vertex 21.337848542041083 43.11665666851984 0.0
    vertex 21.97576894006621 45.77476908164178 6.0
    vertex 21.97576894006621 45.77476908164178 0.0
  endloop
endfacet
facet normal 0.0 1.0 0.0
  outer loop
    vertex 21.97576894006621 45.77476908164178 6.0
    vertex 22.932652195216395 45.77476908164178 0.0
    vertex 21.97576894006621 45.77476908164178 0.0
  endloop
endfacet
facet normal 0.0 1.0 0.0
  outer loop
    vertex 22.932652195216395 45.77476908164178 0.0
    vertex 21.97576894006621 45.77476908164178 6.0
    vertex 22.932652195216395 45.77476908164178 6.0
  endloop
endfacet
facet normal 0.0 1.0 0.0
  outer loop
    vertex 22.932652195216395 45.77476908164178 6.0
    vertex 23.889535450366417 45.77476908164178 0.0
    vertex 22.932652195216395 45.77476908164178 0.0
  endloop
endfacet
facet normal 0.0 1.0 0.0
  outer loop
    vertex 23.889535450366417 45.77476908164178 0.0
    vertex 22.932652195216395 45.77476908164178 6.0
    vertex 23.889535450366417 45.77476908164178 6.0
  endloop
endfacet
facet normal 0.972389508569825 0.23336375816166147 0.0
  outer loop
    vertex 23.889535450366417 45.77476908164178 0.0
    vertex 24.527455848391522 43.11665666851984 6.0
    vertex 24.527455848391522 43.11665666851984 0.0
  endloop
endfacet
facet normal 0.972389508569825 0.23336375816166147 0.0
  outer loop
    vertex 24.527455848391522 43.11665666851984 6.0
    vertex 23.889535450366417 45.77476908164178 0.0
    vertex 23.889535450366417 45.77476908164178 6.0
  endloop
endfacet
facet normal 0.12532756120179203 0.9921154178840338 0.0
  outer loop
    vertex 24.527455848391522 43.11665666851984 6.0
    vertex 25.476875123885595 42.99672263643976 0.0
    vertex 24.527455848391522 43.11665666851984 0.0
  endloop
endfacet
facet normal 0.12532756120179203 0.9921154178840338 0.0
  outer loop
    vertex 25.476875123885595 42.99672263643976 0.0
    vertex 24.527455848391522 43.11665666851984 6.0
    vertex 25.476875123885595 42.99672263643976 6.0
  endloop
endfacet
facet normal 0.12532341688174684 0.9921159414005422 0.0
  outer loop
    vertex 25.476875123885595 42.99672263643976 6.0
    vertex 26.426326296728604 42.8767886043597 0.0
    vertex 25.476875123885595 42.99672263643976 0.0
  endloop
endfacet
facet normal 0.12532341688174684 0.9921159414005422 0.0
  outer loop
    vertex 26.426326296728604 42.8767886043597 0.0
    vertex 25.476875123885595 42.99672263643976 6.0
    vertex 26.426326296728604 42.8767886043597 6.0
  endloop
endfacet
facet normal -0.8838041415674786 0.46785707149531497 0.0
  outer loop
    vertex 27.70525581940299 45.292746976646185 6.0
    vertex 26.426326296728604 42.8767886043597 0.0
    vertex 26.426326296728604 42.8767886043597 6.0
  endloop
endfacet
facet normal -0.8838041415674786 0.46785707149531497 0.0
  outer loop
    vertex 26.426326296728604 42.8767886043597 0.0
    vertex 27.70525581940299 45.292746976646185 6.0
    vertex 27.70525581940299 45.292746976646185 0.0
  endloop
endfacet
facet normal 0.24867675907137546 0.9685865317552981 0.0
  outer loop
    vertex 27.70525581940299 45.292746976646185 6.0
    vertex 29.558901143143203 44.81683853020086 0.0
    vertex 27.70525581940299 45.292746976646185 0.0
  endloop
endfacet
facet normal 0.24867675907137546 0.9685865317552981 0.0
  outer loop
    vertex 29.558901143143203 44.81683853020086 0.0
    vertex 27.70525581940299 45.292746976646185 6.0
    vertex 29.558901143143203 44.81683853020086 6.0
  endloop
endfacet
facet normal 0.9998753081578716 -0.015791394371659842 0.0
  outer loop
    vertex 29.558901143143203 44.81683853020086 0.0
    vertex 29.515733397554087 42.0835546980358 6.0
    vertex 29.515733397554087 42.0835546980358 0.0
  endloop
endfacet
facet normal 0.9998753081578716 -0.015791394371659842 0.0
  outer loop
    vertex 29.515733397554087 42.0835546980358 6.0
    vertex 29.558901143143203 44.81683853020086 0.0
    vertex 29.558901143143203 44.81683853020086 6.0
  endloop
endfacet
facet normal 0.3681415009645839 0.9297697754108505 0.0
  outer loop
    vertex 29.515733397554087 42.0835546980358 6.0
    vertex 30.405509946722503 41.73124847880082 0.0
    vertex 29.515733397554087 42.0835546980358 0.0
  endloop
endfacet
facet normal 0.3681415009645839 0.9297697754108505 0.0
  outer loop
    vertex 30.405509946722503 41.73124847880082 0.0
    vertex 29.515733397554087 42.0835546980358 6.0
    vertex 30.405509946722503 41.73124847880082 6.0
  endloop
endfacet
facet normal 0.3680934765613711 0.9297887891951394 0.0
  outer loop
    vertex 30.405509946722503 41.73124847880082 6.0
    vertex 31.295286495890927 41.37899542181387 0.0
    vertex 30.405509946722503 41.73124847880082 0.0
  endloop
endfacet
facet normal 0.3680934765613711 0.9297887891951394 0.0
  outer loop
    vertex 31.295286495890927 41.37899542181387 0.0
    vertex 30.405509946722503 41.73124847880082 6.0
    vertex 31.295286495890927 41.37899542181387 6.0
  endloop
endfacet
facet normal -0.7396821801027194 0.6729563674106134 0.0
  outer loop
    vertex 33.134859772516066 43.40096837222736 6.0
    vertex 31.295286495890927 41.37899542181387 0.0
    vertex 31.295286495890927 41.37899542181387 6.0
  endloop
endfacet
facet normal -0.7396821801027194 0.6729563674106134 0.0
  outer loop
    vertex 31.295286495890927 41.37899542181387 0.0
    vertex 33.134859772516066 43.40096837222736 6.0
    vertex 33.134859772516066 43.40096837222736 0.0
  endloop
endfacet
facet normal 0.48174172274865257 0.8763132502496812 0.0
  outer loop
    vertex 33.134859772516066 43.40096837222736 6.0
    vertex 34.811916056203025 42.47902866286017 0.0
    vertex 33.134859772516066 43.40096837222736 0.0
  endloop
endfacet
facet normal 0.48174172274865257 0.8763132502496812 0.0
  outer loop
    vertex 34.811916056203025 42.47902866286017 0.0
    vertex 33.134859772516066 43.40096837222736 6.0
    vertex 34.811916056203025 42.47902866286017 6.0
  endloop
endfacet
facet normal 0.9645323195766083 -0.2639647788856836 0.0
  outer loop
    vertex 34.811916056203025 42.47902866286017 0.0
    vertex 34.090344860536916 39.84239379803639 6.0
    vertex 34.090344860536916 39.84239379803639 0.0
  endloop
endfacet
facet normal 0.9645323195766083 -0.2639647788856836 0.0
  outer loop
    vertex 34.090344860536916 39.84239379803639 6.0
    vertex 34.811916056203025 42.47902866286017 0.0
    vertex 34.811916056203025 42.47902866286017 6.0
  endloop
endfacet
facet normal 0.5878347407359309 0.8089810366034058 0.0
  outer loop
    vertex 34.090344860536916 39.84239379803639 6.0
    vertex 34.86454668198283 39.27983088692325 0.0
    vertex 34.090344860536916 39.84239379803639 0.0
  endloop
endfacet
facet normal 0.5878347407359309 0.8089810366034058 0.0
  outer loop
    vertex 34.86454668198283 39.27983088692325 0.0
    vertex 34.090344860536916 39.84239379803639 6.0
    vertex 34.86454668198283 39.27983088692325 6.0
  endloop
endfacet
facet normal 2.2206193750608892e-32 6.303640005430188e-32 1.0
  outer loop
    vertex 18.160048571029623 45.292746976646185 6.0
    vertex 16.306403247289413 44.81683853020086 6.0
    vertex 16.349570992878526 42.0835546980358 6.0
  endloop
endfacet
facet normal 2.2206193750608892e-32 6.303640005430188e-32 1.0
  outer loop
    vertex 0.6000954583864195 17.62270583049227 6.0
    vertex 2.7330180209236814 20.627271299315733 6.0
    vertex 0.24151609385630446 19.50257077507554 6.0
  endloop
endfacet
facet normal 2.2206193750608892e-32 6.303640005430188e-32 1.0
  outer loop
    vertex 2.7330180209236814 20.627271299315733 6.0
    vertex 0.6000954583864195 17.62270583049227 6.0
    vertex 3.330668015890023 17.494154197968875 6.0
  endloop
endfacet
facet normal 2.2206193750608892e-32 6.303640005430188e-32 1.0
  outer loop
    vertex 2.7330180209236814 20.627271299315733 6.0
    vertex 3.330668015890023 17.494154197968875 6.0
    vertex 2.8130803668069255 25.720772886464015 6.0
  endloop
endfacet
facet normal 2.2206193750608892e-32 6.303640005430188e-32 1.0
  outer loop
    vertex 2.8130803668069255 25.720772886464015 6.0
    vertex 3.330668015890023 17.494154197968875 6.0
    vertex 2.9924497924444178 26.66081434136454 6.0
  endloop
endfacet
facet normal 2.2206193750608892e-32 6.303640005430188e-32 1.0
  outer loop
    vertex 2.9924497924444178 26.66081434136454 6.0
    vertex 3.330668015890023 17.494154197968875 6.0
    vertex 3.1717128935853767 27.600839847590677 6.0
  endloop
endfacet
facet normal 2.2206193750608892e-32 6.303640005430188e-32 1.0
  outer loop
    vertex 2.603461621908139 12.233271272166252 6.0
    vertex 3.922098027809612 15.67387881746298 6.0
    vertex 1.7885906805414706 13.964872022570407 6.0
  endloop
endfacet
facet normal 2.2206193750608892e-32 6.303640005430188e-32 1.0
  outer loop
    vertex 3.922098027809612 15.67387881746298 6.0
    vertex 2.603461621908139 12.233271272166252 6.0
    vertex 5.280180821921868 12.787859846039996 6.0
  endloop
endfacet
facet normal 2.2206193750608892e-32 6.303640005430188e-32 1.0
  outer loop
    vertex 3.922098027809612 15.67387881746298 6.0
    vertex 5.280180821921868 12.787859846039996 6.0
    vertex 4.157394138619198 30.63432026324407 6.0
  endloop
endfacet
facet normal 2.2206193750608892e-32 6.303640005430188e-32 1.0
  outer loop
    vertex 4.157394138619198 30.63432026324407 6.0
    vertex 5.280180821921868 12.787859846039996 6.0
    vertex 4.564882771550767 31.500226962942627 6.0
  endloop
endfacet
facet normal 2.2206193750608892e-32 6.303640005430188e-32 1.0
  outer loop
    vertex 4.564882771550767 31.500226962942627 6.0
    vertex 5.280180821921868 12.787859846039996 6.0
    vertex 4.972318242234046 32.36613366264117 6.0
  endloop
endfacet
facet normal 2.2206193750608892e-32 6.303640005430188e-32 1.0
  outer loop
    vertex 10.236071929442904 3.7536800253142366 6.0
    vertex 9.734113981348985 7.404012640006326 6.0
    vertex 8.687774611047665 4.878593198547408 6.0
  endloop
endfacet
facet normal 2.2206193750608892e-32 6.303640005430188e-32 1.0
  outer loop
    vertex 9.734113981348985 7.404012640006326 6.0
    vertex 10.236071929442904 3.7536800253142366 6.0
    vertex 10.226502724755678 38.717374300306616 6.0
  endloop
endfacet
facet normal 2.2206193750608892e-32 6.303640005430188e-32 1.0
  outer loop
    vertex 10.226502724755678 38.717374300306616 6.0
    vertex 10.236071929442904 3.7536800253142366 6.0
    vertex 11.000757708449818 39.27988404917155 6.0
  endloop
endfacet
facet normal 2.2206193750608892e-32 6.303640005430188e-32 1.0
  outer loop
    vertex 11.000757708449818 39.27988404917155 6.0
    vertex 10.236071929442904 3.7536800253142366 6.0
    vertex 12.31455634975947 5.5291927927831495 6.0
  endloop
endfacet
facet normal 2.2206193750608892e-32 6.303640005430188e-32 1.0
  outer loop
    vertex 11.000757708449818 39.27988404917155 6.0
    vertex 12.31455634975947 5.5291927927831495 6.0
    vertex 11.774959529895709 39.84239379803639 6.0
  endloop
endfacet
facet normal 2.2206193750608892e-32 6.303640005430188e-32 1.0
  outer loop
    vertex 11.774959529895709 39.84239379803639 6.0
    vertex 12.73044461791654 43.40096837222736 6.0
    vertex 11.053388334229645 42.47902866286017 6.0
  endloop
endfacet
facet normal 2.2206193750608892e-32 6.303640005430188e-32 1.0
  outer loop
    vertex 12.73044461791654 43.40096837222736 6.0
    vertex 11.774959529895709 39.84239379803639 6.0
    vertex 12.31455634975947 5.5291927927831495 6.0
  endloop
endfacet
facet normal 2.2206193750608892e-32 6.303640005430188e-32 1.0
  outer loop
    vertex 12.73044461791654 43.40096837222736 6.0
    vertex 12.31455634975947 5.5291927927831495 6.0
    vertex 13.153137653851205 5.068169775851255 6.0
  endloop
endfacet
facet normal 2.2206193750608892e-32 6.303640005430188e-32 1.0
  outer loop
    vertex 12.73044461791654 43.40096837222736 6.0
    vertex 13.153137653851205 5.068169775851255 6.0
    vertex 14.570017894541687 41.37899542181387 6.0
  endloop
endfacet
facet normal 2.2206193750608892e-32 6.303640005430188e-32 1.0
  outer loop
    vertex 14.570017894541687 41.37899542181387 6.0
    vertex 13.153137653851205 5.068169775851255 6.0
    vertex 13.991772120191172 4.607146758919415 6.0
  endloop
endfacet
facet normal 2.2206193750608892e-32 6.303640005430188e-32 1.0
  outer loop
    vertex 5.884157124431433 7.511347219248203 6.0
    vertex 6.305733753152577 11.17183382335838 6.0
    vertex 4.664243013553243 8.985961661551706 6.0
  endloop
endfacet
facet normal 2.2206193750608892e-32 6.303640005430188e-32 1.0
  outer loop
    vertex 6.305733753152577 11.17183382335838 6.0
    vertex 5.884157124431433 7.511347219248203 6.0
    vertex 8.338870775701281 8.714196248434137 6.0
  endloop
endfacet
facet normal 2.2206193750608892e-32 6.303640005430188e-32 1.0
  outer loop
    vertex 6.305733753152577 11.17183382335838 6.0
    vertex 8.338870775701281 8.714196248434137 6.0
    vertex 6.681378199374968 35.05922683511987 6.0
  endloop
endfacet
facet normal 2.2206193750608892e-32 6.303640005430188e-32 1.0
  outer loop
    vertex 6.681378199374968 35.05922683511987 6.0
    vertex 8.338870775701281 8.714196248434137 6.0
    vertex 7.291414998186444 35.79658721851995 6.0
  endloop
endfacet
facet normal 2.2206193750608892e-32 6.303640005430188e-32 1.0
  outer loop
    vertex 7.291414998186444 35.79658721851995 6.0
    vertex 8.338870775701281 8.714196248434137 6.0
    vertex 7.901398634749702 36.53394760191996 6.0
  endloop
endfacet
facet normal 2.2206193750608892e-32 6.303640005430188e-32 1.0
  outer loop
    vertex 7.901398634749702 36.53394760191996 6.0
    vertex 8.338870775701281 8.714196248434137 6.0
    vertex 7.941908267925639 40.21835721774823 6.0
  endloop
endfacet
facet normal 2.2206193750608892e-32 6.303640005430188e-32 1.0
  outer loop
    vertex 7.941908267925639 40.21835721774823 6.0
    vertex 8.338870775701281 8.714196248434137 6.0
    vertex 10.226502724755678 38.717374300306616 6.0
  endloop
endfacet
facet normal 2.2206193750608892e-32 6.303640005430188e-32 1.0
  outer loop
    vertex 10.226502724755678 38.717374300306616 6.0
    vertex 8.338870775701281 8.714196248434137 6.0
    vertex 9.734113981348985 7.404012640006326 6.0
  endloop
endfacet
facet normal 2.2206193750608892e-32 6.303640005430188e-32 1.0
  outer loop
    vertex 7.941908267925639 40.21835721774823 6.0
    vertex 6.546824549022732 38.908333096065284 6.0
    vertex 7.901398634749702 36.53394760191996 6.0
  endloop
endfacet
facet normal 2.2206193750608892e-32 6.303640005430188e-32 1.0
  outer loop
    vertex 4.972318242234046 32.36613366264117 6.0
    vertex 4.095247470400387 35.944909891172095 6.0
    vertex 3.069800863666245 34.3290433552353 6.0
  endloop
endfacet
facet normal 2.2206193750608892e-32 6.303640005430188e-32 1.0
  outer loop
    vertex 4.095247470400387 35.944909891172095 6.0
    vertex 4.972318242234046 32.36613366264117 6.0
    vertex 6.681378199374968 35.05922683511987 6.0
  endloop
endfacet
facet normal 2.2206193750608892e-32 6.303640005430188e-32 1.0
  outer loop
    vertex 6.681378199374968 35.05922683511987 6.0
    vertex 4.972318242234046 32.36613366264117 6.0
    vertex 5.280180821921868 12.787859846039996 6.0
  endloop
endfacet
facet normal 2.2206193750608892e-32 6.303640005430188e-32 1.0
  outer loop
    vertex 6.681378199374968 35.05922683511987 6.0
    vertex 5.280180821921868 12.787859846039996 6.0
    vertex 6.305733753152577 11.17183382335838 6.0
  endloop
endfacet
facet normal 2.2206193750608892e-32 6.303640005430188e-32 1.0
  outer loop
    vertex 3.1717128935853767 27.600839847590677 6.0
    vertex 1.432244130438343 30.849042583976043 6.0
    vertex 0.8408672807669935 29.028926690214888 6.0
  endloop
endfacet
facet normal 2.2206193750608892e-32 6.303640005430188e-32 1.0
  outer loop
    vertex 1.432244130438343 30.849042583976043 6.0
    vertex 3.1717128935853767 27.600839847590677 6.0
    vertex 4.157394138619198 30.63432026324407 6.0
  endloop
endfacet
facet normal 2.2206193750608892e-32 6.303640005430188e-32 1.0
  outer loop
    vertex 4.157394138619198 30.63432026324407 6.0
    vertex 3.1717128935853767 27.600839847590677 6.0
    vertex 3.330668015890023 17.494154197968875 6.0
  endloop
endfacet
facet normal 2.2206193750608892e-32 6.303640005430188e-32 1.0
  outer loop
    vertex 4.157394138619198 30.63432026324407 6.0
    vertex 3.330668015890023 17.494154197968875 6.0
    vertex 3.6264096029739803 16.584069669964173 6.0
  endloop
endfacet
facet normal 2.2206193750608892e-32 6.303640005430188e-32 1.0
  outer loop
    vertex 4.157394138619198 30.63432026324407 6.0
    vertex 3.6264096029739803 16.584069669964173 6.0
    vertex 3.922098027809612 15.67387881746298 6.0
  endloop
endfacet
facet normal 2.2206193750608892e-32 6.303640005430188e-32 1.0
  outer loop
    vertex 2.6128181776023687 22.5374621167978 6.0
    vertex 0.12019984332138804 25.251015312142634 6.0
    vertex 0.0 23.34102863769396 6.0
  endloop
endfacet
facet normal 2.2206193750608892e-32 6.303640005430188e-32 1.0
  outer loop
    vertex 0.12019984332138804 25.251015312142634 6.0
    vertex 2.6128181776023687 22.5374621167978 6.0
    vertex 2.8130803668069255 25.720772886464015 6.0
  endloop
endfacet
facet normal 2.2206193750608892e-32 6.303640005430188e-32 1.0
  outer loop
    vertex 2.8130803668069255 25.720772886464015 6.0
    vertex 2.6128181776023687 22.5374621167978 6.0
    vertex 2.6729446803871246 21.582384251598683 6.0
  endloop
endfacet
facet normal 2.2206193750608892e-32 6.303640005430188e-32 1.0
  outer loop
    vertex 2.8130803668069255 25.720772886464015 6.0
    vertex 2.6729446803871246 21.582384251598683 6.0
    vertex 2.7330180209236814 20.627271299315733 6.0
  endloop
endfacet
facet normal 2.2206193750608892e-32 6.303640005430188e-32 1.0
  outer loop
    vertex 15.459847605958352 41.73124847880082 6.0
    vertex 15.96172197524753 24.84077158662314 5.999999999999999
    vertex 16.349570992878526 42.0835546980358 6.0
  endloop
endfacet
facet normal 2.2206193750608892e-32 6.303640005430188e-32 1.0
  outer loop
    vertex 15.96172197524753 24.84077158662314 5.999999999999999
    vertex 15.459847605958352 41.73124847880082 6.0
    vertex 15.96172197524753 20.84077158662314 5.999999999999999
  endloop
endfacet
facet normal 2.2206193750608892e-32 6.303640005430188e-32 1.0
  outer loop
    vertex 16.349570992878526 42.0835546980358 6.0
    vertex 15.96172197524753 24.84077158662314 5.999999999999999
    vertex 18.38625965435181 24.840771586623138 5.999999999999999
  endloop
endfacet
facet normal 2.2206193750608892e-32 6.303640005430188e-32 1.0
  outer loop
    vertex 16.349570992878526 42.0835546980358 6.0
    vertex 18.38625965435181 24.840771586623138 5.999999999999999
    vertex 18.160048571029623 45.292746976646185 6.0
  endloop
endfacet
facet normal 2.2206193750608892e-32 6.303640005430188e-32 1.0
  outer loop
    vertex 18.160048571029623 45.292746976646185 6.0
    vertex 18.38625965435181 24.840771586623138 5.999999999999999
    vertex 19.43897809370396 42.8767886043597 6.0
  endloop
endfacet
facet normal 2.2206193750608892e-32 6.303640005430188e-32 1.0
  outer loop
    vertex 19.43897809370396 42.8767886043597 6.0
    vertex 18.38625965435181 24.840771586623138 5.999999999999999
    vertex 18.745337450690986 25.589013117004612 5.999999999999999
  endloop
endfacet
facet normal 2.2206193750608892e-32 6.303640005430188e-32 1.0
  outer loop
    vertex 19.43897809370396 42.8767886043597 6.0
    vertex 18.745337450690986 25.589013117004612 5.999999999999999
    vertex 19.595393249368666 26.57952501732739 5.999999999999999
  endloop
endfacet
facet normal 2.2206193750608892e-32 6.303640005430188e-32 1.0
  outer loop
    vertex 19.43897809370396 42.8767886043597 6.0
    vertex 19.595393249368666 26.57952501732739 5.999999999999999
    vertex 20.388429266547014 42.99672263643976 6.0
  endloop
endfacet
facet normal 2.2206193750608892e-32 6.303640005430188e-32 1.0
  outer loop
    vertex 20.388429266547014 42.99672263643976 6.0
    vertex 19.595393249368666 26.57952501732739 5.999999999999999
    vertex 20.67284744330244 27.31627541299821 5.999999999999999
  endloop
endfacet
facet normal 2.2206193750608892e-32 6.303640005430188e-32 1.0
  outer loop
    vertex 20.388429266547014 42.99672263643976 6.0
    vertex 20.67284744330244 27.31627541299821 5.999999999999999
    vertex 21.337848542041083 43.11665666851984 6.0
  endloop
endfacet
facet normal 2.2206193750608892e-32 6.303640005430188e-32 1.0
  outer loop
    vertex 21.337848542041083 43.11665666851984 6.0
    vertex 20.67284744330244 27.31627541299821 5.999999999999999
    vertex 21.90427330975297 27.749055982089693 5.999999999999999
  endloop
endfacet
facet normal 2.2206193750608892e-32 6.303640005430188e-32 1.0
  outer loop
    vertex 21.337848542041083 43.11665666851984 6.0
    vertex 21.90427330975297 27.749055982089693 5.999999999999999
    vertex 21.97576894006621 45.77476908164178 6.0
  endloop
endfacet
facet normal 2.2206193750608892e-32 6.303640005430188e-32 1.0
  outer loop
    vertex 21.97576894006621 45.77476908164178 6.0
    vertex 21.90427330975297 27.749055982089693 5.999999999999999
    vertex 23.20575121094911 27.848373444021963 5.999999999999999
  endloop
endfacet
facet normal 2.2206193750608892e-32 6.303640005430188e-32 1.0
  outer loop
    vertex 21.97576894006621 45.77476908164178 6.0
    vertex 23.20575121094911 27.848373444021963 5.999999999999999
    vertex 22.932652195216395 45.77476908164178 6.0
  endloop
endfacet
facet normal 2.2206193750608892e-32 6.303640005430188e-32 1.0
  outer loop
    vertex 22.932652195216395 45.77476908164178 6.0
    vertex 23.20575121094911 27.848373444021963 5.999999999999999
    vertex 23.889535450366417 45.77476908164178 6.0
  endloop
endfacet
facet normal 2.2206193750608892e-32 6.303640005430188e-32 1.0
  outer loop
    vertex 23.889535450366417 45.77476908164178 6.0
    vertex 23.20575121094911 27.848373444021963 5.999999999999999
    vertex 24.488587578718274 27.607459477894214 5.999999999999999
  endloop
endfacet
facet normal 2.2206193750608892e-32 6.303640005430188e-32 1.0
  outer loop
    vertex 23.889535450366417 45.77476908164178 6.0
    vertex 24.488587578718274 27.607459477894214 5.999999999999999
    vertex 24.527455848391522 43.11665666851984 6.0
  endloop
endfacet
facet normal 2.2206193750608892e-32 6.303640005430188e-32 1.0
  outer loop
    vertex 24.527455848391522 43.11665666851984 6.0
    vertex 24.488587578718274 27.607459477894214 5.999999999999999
    vertex 25.665359234584326 27.042731972368887 5.999999999999999
  endloop
endfacet
facet normal 2.2206193750608892e-32 6.303640005430188e-32 1.0
  outer loop
    vertex 24.527455848391522 43.11665666851984 6.0
    vertex 25.665359234584326 27.042731972368887 5.999999999999999
    vertex 25.476875123885595 42.99672263643976 6.0
  endloop
endfacet
facet normal 2.2206193750608892e-32 6.303640005430188e-32 1.0
  outer loop
    vertex 25.476875123885595 42.99672263643976 6.0
    vertex 25.665359234584326 27.042731972368887 5.999999999999999
    vertex 26.426326296728604 42.8767886043597 6.0
  endloop
endfacet
facet normal 2.2206193750608892e-32 6.303640005430188e-32 1.0
  outer loop
    vertex 26.426326296728604 42.8767886043597 6.0
    vertex 25.665359234584326 27.042731972368887 5.999999999999999
    vertex 26.6558711349071 26.192676173691208 5.999999999999999
  endloop
endfacet
facet normal 2.2206193750608892e-32 6.303640005430188e-32 1.0
  outer loop
    vertex 26.426326296728604 42.8767886043597 6.0
    vertex 26.6558711349071 26.192676173691208 5.999999999999999
    vertex 27.70525581940299 45.292746976646185 6.0
  endloop
endfacet
facet normal 2.2206193750608892e-32 6.303640005430188e-32 1.0
  outer loop
    vertex 27.70525581940299 45.292746976646185 6.0
    vertex 26.6558711349071 26.192676173691208 5.999999999999999
    vertex 27.392621530577916 25.115221979757433 5.999999999999999
  endloop
endfacet
facet normal 2.2206193750608892e-32 6.303640005430188e-32 1.0
  outer loop
    vertex 27.70525581940299 45.292746976646185 6.0
    vertex 27.392621530577916 25.115221979757433 5.999999999999999
    vertex 27.48377286415341 24.85586165274008 5.999999999999999
  endloop
endfacet
facet normal 2.2206193750608892e-32 6.303640005430188e-32 1.0
  outer loop
    vertex 27.70525581940299 45.292746976646185 6.0
    vertex 27.48377286415341 24.85586165274008 5.999999999999999
    vertex 29.90384510785448 24.85586165274008 5.999999999999999
  endloop
endfacet
facet normal 2.2206193750608892e-32 6.303640005430188e-32 1.0
  outer loop
    vertex 27.70525581940299 45.292746976646185 6.0
    vertex 29.90384510785448 24.85586165274008 5.999999999999999
    vertex 29.515733397554087 42.0835546980358 6.0
  endloop
endfacet
facet normal 2.2206193750608892e-32 6.303640005430188e-32 1.0
  outer loop
    vertex 29.515733397554087 42.0835546980358 6.0
    vertex 29.90384510785448 24.85586165274008 5.999999999999999
    vertex 30.405509946722503 41.73124847880082 6.0
  endloop
endfacet
facet normal 2.2206193750608892e-32 6.303640005430188e-32 1.0
  outer loop
    vertex 15.385739431880529 1.1963100726496605 6.0
    vertex 13.991772120191172 4.607146758919415 6.0
    vertex 13.60634582028846 1.9008161866234765 6.0
  endloop
endfacet
facet normal 2.2206193750608892e-32 6.303640005430188e-32 1.0
  outer loop
    vertex 13.991772120191172 4.607146758919415 6.0
    vertex 15.385739431880529 1.1963100726496605 6.0
    vertex 14.570017894541687 41.37899542181387 6.0
  endloop
endfacet
facet normal 2.2206193750608892e-32 6.303640005430188e-32 1.0
  outer loop
    vertex 14.570017894541687 41.37899542181387 6.0
    vertex 15.385739431880529 1.1963100726496605 6.0
    vertex 15.459847605958352 41.73124847880082 6.0
  endloop
endfacet
facet normal 2.2206193750608892e-32 6.303640005430188e-32 1.0
  outer loop
    vertex 15.459847605958352 41.73124847880082 6.0
    vertex 15.385739431880529 1.1963100726496605 6.0
    vertex 15.96172197524753 20.84077158662314 5.999999999999999
  endloop
endfacet
facet normal 2.2206193750608892e-32 6.303640005430188e-32 1.0
  outer loop
    vertex 15.96172197524753 20.84077158662314 5.999999999999999
    vertex 15.385739431880529 1.1963100726496605 6.0
    vertex 16.957374977262983 3.4329521815469413 6.0
  endloop
endfacet
facet normal 2.2206193750608892e-32 6.303640005430188e-32 1.0
  outer loop
    vertex 15.96172197524753 20.84077158662314 5.999999999999999
    vertex 16.957374977262983 3.4329521815469413 6.0
    vertex 18.385946030573205 20.84077158662314 5.999999999999999
  endloop
endfacet
facet normal 2.2206193750608892e-32 6.303640005430188e-32 1.0
  outer loop
    vertex 18.385946030573205 20.84077158662314 5.999999999999999
    vertex 16.957374977262983 3.4329521815469413 6.0
    vertex 17.884290673067515 3.19499795832428 6.0
  endloop
endfacet
facet normal 2.2206193750608892e-32 6.303640005430188e-32 1.0
  outer loop
    vertex 18.385946030573205 20.84077158662314 5.999999999999999
    vertex 17.884290673067515 3.19499795832428 6.0
    vertex 18.81121700132177 2.956990572853331 6.0
  endloop
endfacet
facet normal 2.2206193750608892e-32 6.303640005430188e-32 1.0
  outer loop
    vertex 18.385946030573205 20.84077158662314 5.999999999999999
    vertex 18.81121700132177 2.956990572853331 6.0
    vertex 18.471794010061664 20.59650132572273 5.999999999999999
  endloop
endfacet
facet normal 2.2206193750608892e-32 6.303640005430188e-32 1.0
  outer loop
    vertex 18.471794010061664 20.59650132572273 5.999999999999999
    vertex 18.81121700132177 2.956990572853331 6.0
    vertex 19.208544405732482 19.519047131788955 5.999999999999999
  endloop
endfacet
facet normal 2.2206193750608892e-32 6.303640005430188e-32 1.0
  outer loop
    vertex 19.208544405732482 19.519047131788955 5.999999999999999
    vertex 18.81121700132177 2.956990572853331 6.0
    vertex 19.110956389475053 0.23986806416012565 6.0
  endloop
endfacet
facet normal 2.2206193750608892e-32 6.303640005430188e-32 1.0
  outer loop
    vertex 19.208544405732482 19.519047131788955 5.999999999999999
    vertex 19.110956389475053 0.23986806416012565 6.0
    vertex 21.00963013749363 0.0 6.0
  endloop
endfacet
facet normal 2.2206193750608892e-32 6.303640005430188e-32 1.0
  outer loop
    vertex 19.208544405732482 19.519047131788955 5.999999999999999
    vertex 21.00963013749363 0.0 6.0
    vertex 20.199056306055255 18.668991333111276 5.999999999999999
  endloop
endfacet
facet normal 2.2206193750608892e-32 6.303640005430188e-32 1.0
  outer loop
    vertex 20.199056306055255 18.668991333111276 5.999999999999999
    vertex 21.00963013749363 0.0 6.0
    vertex 21.37582796192131 18.104263827585946 5.999999999999999
  endloop
endfacet
facet normal 2.2206193750608892e-32 6.303640005430188e-32 1.0
  outer loop
    vertex 21.37582796192131 18.104263827585946 5.999999999999999
    vertex 21.00963013749363 0.0 6.0
    vertex 21.975667931794533 2.55721046591983 6.0
  endloop
endfacet
facet normal 2.2206193750608892e-32 6.303640005430188e-32 1.0
  outer loop
    vertex 21.37582796192131 18.104263827585946 5.999999999999999
    vertex 21.975667931794533 2.55721046591983 6.0
    vertex 22.65866432969047 17.863349861458197 5.999999999999999
  endloop
endfacet
facet normal 2.2206193750608892e-32 6.303640005430188e-32 1.0
  outer loop
    vertex 22.65866432969047 17.863349861458197 5.999999999999999
    vertex 21.975667931794533 2.55721046591983 6.0
    vertex 23.889636458638083 2.55721046591983 6.0
  endloop
endfacet
facet normal 2.2206193750608892e-32 6.303640005430188e-32 1.0
  outer loop
    vertex 22.65866432969047 17.863349861458197 5.999999999999999
    vertex 23.889636458638083 2.55721046591983 6.0
    vertex 23.960142230886614 17.96266732339047 5.999999999999999
  endloop
endfacet
facet normal 2.2206193750608892e-32 6.303640005430188e-32 1.0
  outer loop
    vertex 23.960142230886614 17.96266732339047 5.999999999999999
    vertex 23.889636458638083 2.55721046591983 6.0
    vertex 24.855674252939025 0.0 6.0
  endloop
endfacet
facet normal 2.2206193750608892e-32 6.303640005430188e-32 1.0
  outer loop
    vertex 23.960142230886614 17.96266732339047 5.999999999999999
    vertex 24.855674252939025 0.0 6.0
    vertex 25.19156809733714 18.395447892481954 5.999999999999999
  endloop
endfacet
facet normal 2.2206193750608892e-32 6.303640005430188e-32 1.0
  outer loop
    vertex 25.19156809733714 18.395447892481954 5.999999999999999
    vertex 24.855674252939025 0.0 6.0
    vertex 26.754348000957553 0.23986806416012565 6.0
  endloop
endfacet
facet normal 2.2206193750608892e-32 6.303640005430188e-32 1.0
  outer loop
    vertex 25.19156809733714 18.395447892481954 5.999999999999999
    vertex 26.754348000957553 0.23986806416012565 6.0
    vertex 26.269022291270915 19.132198288152768 5.999999999999999
  endloop
endfacet
facet normal 2.2206193750608892e-32 6.303640005430188e-32 1.0
  outer loop
    vertex 26.269022291270915 19.132198288152768 5.999999999999999
    vertex 26.754348000957553 0.23986806416012565 6.0
    vertex 27.119078089948594 20.122710188475544 5.999999999999999
  endloop
endfacet
facet normal 2.2206193750608892e-32 6.303640005430188e-32 1.0
  outer loop
    vertex 27.119078089948594 20.122710188475544 5.999999999999999
    vertex 26.754348000957553 0.23986806416012565 6.0
    vertex 27.054087389110837 2.956990572853331 6.0
  endloop
endfacet
facet normal 2.2206193750608892e-32 6.303640005430188e-32 1.0
  outer loop
    vertex 27.119078089948594 20.122710188475544 5.999999999999999
    vertex 27.054087389110837 2.956990572853331 6.0
    vertex 27.980987136240955 3.19499795832428 6.0
  endloop
endfacet
facet normal 2.2206193750608892e-32 6.303640005430188e-32 1.0
  outer loop
    vertex 27.119078089948594 20.122710188475544 5.999999999999999
    vertex 27.980987136240955 3.19499795832428 6.0
    vertex 27.470914230394758 20.85586165274008 5.999999999999999
  endloop
endfacet
facet normal 2.2206193750608892e-32 6.303640005430188e-32 1.0
  outer loop
    vertex 27.470914230394758 20.85586165274008 5.999999999999999
    vertex 27.980987136240955 3.19499795832428 6.0
    vertex 29.90384510785448 20.85586165274008 5.999999999999999
  endloop
endfacet
facet normal 2.2206193750608892e-32 6.303640005430188e-32 1.0
  outer loop
    vertex 29.90384510785448 20.85586165274008 5.999999999999999
    vertex 27.980987136240955 3.19499795832428 6.0
    vertex 28.907929413169615 3.4329521815469413 6.0
  endloop
endfacet
facet normal 2.2206193750608892e-32 6.303640005430188e-32 1.0
  outer loop
    vertex 29.90384510785448 20.85586165274008 5.999999999999999
    vertex 28.907929413169615 3.4329521815469413 6.0
    vertex 30.47956495855211 1.1963100726496605 6.0
  endloop
endfacet
facet normal 2.2206193750608892e-32 6.303640005430188e-32 1.0
  outer loop
    vertex 29.90384510785448 20.85586165274008 5.999999999999999
    vertex 30.47956495855211 1.1963100726496605 6.0
    vertex 29.90384510785448 24.85586165274008 5.999999999999999
  endloop
endfacet
facet normal 2.2206193750608892e-32 6.303640005430188e-32 1.0
  outer loop
    vertex 29.90384510785448 24.85586165274008 5.999999999999999
    vertex 30.47956495855211 1.1963100726496605 6.0
    vertex 30.405509946722503 41.73124847880082 6.0
  endloop
endfacet
facet normal 2.2206193750608892e-32 6.303640005430188e-32 1.0
  outer loop
    vertex 30.405509946722503 41.73124847880082 6.0
    vertex 30.47956495855211 1.1963100726496605 6.0
    vertex 31.295286495890927 41.37899542181387 6.0
  endloop
endfacet
facet normal 2.2206193750608892e-32 6.303640005430188e-32 1.0
  outer loop
    vertex 31.295286495890927 41.37899542181387 6.0
    vertex 30.47956495855211 1.1963100726496605 6.0
    vertex 31.873532270241483 4.607146758919415 6.0
  endloop
endfacet
facet normal 2.2206193750608892e-32 6.303640005430188e-32 1.0
  outer loop
    vertex 31.873532270241483 4.607146758919415 6.0
    vertex 30.47956495855211 1.1963100726496605 6.0
    vertex 32.25895857014411 1.9008161866234765 6.0
  endloop
endfacet
facet normal 2.2206193750608892e-32 6.303640005430188e-32 1.0
  outer loop
    vertex 35.62923246098974 3.7536800253142366 6.0
    vertex 34.090344860536916 39.84239379803639 6.0
    vertex 33.55074804067317 5.5291927927831495 6.0
  endloop
endfacet
facet normal 2.2206193750608892e-32 6.303640005430188e-32 1.0
  outer loop
    vertex 34.090344860536916 39.84239379803639 6.0
    vertex 35.62923246098974 3.7536800253142366 6.0
    vertex 34.86454668198283 39.27983088692325 6.0
  endloop
endfacet
facet normal 2.2206193750608892e-32 6.303640005430188e-32 1.0
  outer loop
    vertex 34.86454668198283 39.27983088692325 6.0
    vertex 35.62923246098974 3.7536800253142366 6.0
    vertex 35.63880166567696 38.717374300306616 6.0
  endloop
endfacet
facet normal 2.2206193750608892e-32 6.303640005430188e-32 1.0
  outer loop
    vertex 35.63880166567696 38.717374300306616 6.0
    vertex 35.62923246098974 3.7536800253142366 6.0
    vertex 36.13119040908371 7.404012640006326 6.0
  endloop
endfacet
facet normal 2.2206193750608892e-32 6.303640005430188e-32 1.0
  outer loop
    vertex 36.13119040908371 7.404012640006326 6.0
    vertex 35.62923246098974 3.7536800253142366 6.0
    vertex 37.177529779385075 4.878593198547408 6.0
  endloop
endfacet
facet normal 2.2206193750608892e-32 6.303640005430188e-32 1.0
  outer loop
    vertex 36.13119040908371 7.404012640006326 6.0
    vertex 37.92339612250709 40.21835721774823 6.0
    vertex 35.63880166567696 38.717374300306616 6.0
  endloop
endfacet
facet normal 2.2206193750608892e-32 6.303640005430188e-32 1.0
  outer loop
    vertex 37.92339612250709 40.21835721774823 6.0
    vertex 36.13119040908371 7.404012640006326 6.0
    vertex 36.828785430783476 8.05907786309613 6.0
  endloop
endfacet
facet normal 2.2206193750608892e-32 6.303640005430188e-32 1.0
  outer loop
    vertex 37.92339612250709 40.21835721774823 6.0
    vertex 36.828785430783476 8.05907786309613 6.0
    vertex 37.52643361473145 8.714196248434137 6.0
  endloop
endfacet
facet normal 2.2206193750608892e-32 6.303640005430188e-32 1.0
  outer loop
    vertex 37.92339612250709 40.21835721774823 6.0
    vertex 37.52643361473145 8.714196248434137 6.0
    vertex 37.96390575568299 36.53394760191996 6.0
  endloop
endfacet
facet normal 2.2206193750608892e-32 6.303640005430188e-32 1.0
  outer loop
    vertex 37.96390575568299 36.53394760191996 6.0
    vertex 37.52643361473145 8.714196248434137 6.0
    vertex 39.55957063728013 11.17183382335838 6.0
  endloop
endfacet
facet normal 2.2206193750608892e-32 6.303640005430188e-32 1.0
  outer loop
    vertex 39.55957063728013 11.17183382335838 6.0
    vertex 37.52643361473145 8.714196248434137 6.0
    vertex 39.981147266001265 7.511347219248203 6.0
  endloop
endfacet
facet normal 2.2206193750608892e-32 6.303640005430188e-32 1.0
  outer loop
    vertex 37.96390575568299 36.53394760191996 6.0
    vertex 39.55957063728013 11.17183382335838 6.0
    vertex 39.18392619105779 35.05922683511987 6.0
  endloop
endfacet
facet normal 2.2206193750608892e-32 6.303640005430188e-32 1.0
  outer loop
    vertex 39.55957063728013 11.17183382335838 6.0
    vertex 39.981147266001265 7.511347219248203 6.0
    vertex 41.201061376879444 8.985961661551706 6.0
  endloop
endfacet
facet normal 2.2206193750608892e-32 6.303640005430188e-32 1.0
  outer loop
    vertex 40.58512356851081 12.787859846039996 6.0
    vertex 41.94320636262302 15.67387881746298 6.0
    vertex 40.892986148198595 32.36613366264117 6.0
  endloop
endfacet
facet normal 2.2206193750608892e-32 6.303640005430188e-32 1.0
  outer loop
    vertex 41.94320636262302 15.67387881746298 6.0
    vertex 40.58512356851081 12.787859846039996 6.0
    vertex 43.261842768524644 12.233271272166252 6.0
  endloop
endfacet
facet normal 2.2206193750608892e-32 6.303640005430188e-32 1.0
  outer loop
    vertex 40.892986148198595 32.36613366264117 6.0
    vertex 41.94320636262302 15.67387881746298 6.0
    vertex 41.70791025181356 30.63432026324407 6.0
  endloop
endfacet
facet normal 2.2206193750608892e-32 6.303640005430188e-32 1.0
  outer loop
    vertex 41.94320636262302 15.67387881746298 6.0
    vertex 43.261842768524644 12.233271272166252 6.0
    vertex 44.07671370989122 13.964872022570407 6.0
  endloop
endfacet
facet normal 2.2206193750608892e-32 6.303640005430188e-32 1.0
  outer loop
    vertex 42.534636374542664 17.494154197968875 6.0
    vertex 43.13228636950906 20.627271299315733 6.0
    vertex 42.69359149684739 27.600839847590677 6.0
  endloop
endfacet
facet normal 2.2206193750608892e-32 6.303640005430188e-32 1.0
  outer loop
    vertex 43.13228636950906 20.627271299315733 6.0
    vertex 42.534636374542664 17.494154197968875 6.0
    vertex 45.2652089320463 17.62270583049227 6.0
  endloop
endfacet
facet normal 2.2206193750608892e-32 6.303640005430188e-32 1.0
  outer loop
    vertex 42.69359149684739 27.600839847590677 6.0
    vertex 43.13228636950906 20.627271299315733 6.0
    vertex 42.872854597988294 26.660782444015663 6.0
  endloop
endfacet
facet normal 2.2206193750608892e-32 6.303640005430188e-32 1.0
  outer loop
    vertex 42.872854597988294 26.660782444015663 6.0
    vertex 43.13228636950906 20.627271299315733 6.0
    vertex 43.05222402362585 25.720772886464015 6.0
  endloop
endfacet
facet normal 2.2206193750608892e-32 6.303640005430188e-32 1.0
  outer loop
    vertex 43.13228636950906 20.627271299315733 6.0
    vertex 45.2652089320463 17.62270583049227 6.0
    vertex 45.623788296576436 19.50257077507554 6.0
  endloop
endfacet
facet normal 2.2206193750608892e-32 6.303640005430188e-32 1.0
  outer loop
    vertex 43.05222402362585 25.720772886464015 6.0
    vertex 43.2524862128303 22.5374621167978 6.0
    vertex 45.74510454711129 25.251015312142634 6.0
  endloop
endfacet
facet normal 2.2206193750608892e-32 6.303640005430188e-32 1.0
  outer loop
    vertex 43.2524862128303 22.5374621167978 6.0
    vertex 43.05222402362585 25.720772886464015 6.0
    vertex 43.19235971004564 21.582357670474554 6.0
  endloop
endfacet
facet normal 2.2206193750608892e-32 6.303640005430188e-32 1.0
  outer loop
    vertex 43.19235971004564 21.582357670474554 6.0
    vertex 43.05222402362585 25.720772886464015 6.0
    vertex 43.13228636950906 20.627271299315733 6.0
  endloop
endfacet
facet normal 2.2206193750608892e-32 6.303640005430188e-32 1.0
  outer loop
    vertex 45.74510454711129 25.251015312142634 6.0
    vertex 43.2524862128303 22.5374621167978 6.0
    vertex 45.86530439043277 23.34102863769396 6.0
  endloop
endfacet
facet normal 2.2206193750608892e-32 6.303640005430188e-32 1.0
  outer loop
    vertex 41.70791025181356 30.63432026324407 6.0
    vertex 42.69359149684739 27.600839847590677 6.0
    vertex 44.433060259994264 30.849042583976043 6.0
  endloop
endfacet
facet normal 2.2206193750608892e-32 6.303640005430188e-32 1.0
  outer loop
    vertex 42.69359149684739 27.600839847590677 6.0
    vertex 41.70791025181356 30.63432026324407 6.0
    vertex 41.94320636262302 15.67387881746298 6.0
  endloop
endfacet
facet normal 2.2206193750608892e-32 6.303640005430188e-32 1.0
  outer loop
    vertex 42.69359149684739 27.600839847590677 6.0
    vertex 41.94320636262302 15.67387881746298 6.0
    vertex 42.238894787458726 16.58401650771592 6.0
  endloop
endfacet
facet normal 2.2206193750608892e-32 6.303640005430188e-32 1.0
  outer loop
    vertex 42.69359149684739 27.600839847590677 6.0
    vertex 42.238894787458726 16.58401650771592 6.0
    vertex 42.534636374542664 17.494154197968875 6.0
  endloop
endfacet
facet normal 2.2206193750608892e-32 6.303640005430188e-32 1.0
  outer loop
    vertex 44.433060259994264 30.849042583976043 6.0
    vertex 42.69359149684739 27.600839847590677 6.0
    vertex 45.02443710966579 29.028926690214888 6.0
  endloop
endfacet
facet normal 2.2206193750608892e-32 6.303640005430188e-32 1.0
  outer loop
    vertex 39.18392619105779 35.05922683511987 6.0
    vertex 40.892986148198595 32.36613366264117 6.0
    vertex 41.77005692003231 35.944909891172095 6.0
  endloop
endfacet
facet normal 2.2206193750608892e-32 6.303640005430188e-32 1.0
  outer loop
    vertex 40.892986148198595 32.36613366264117 6.0
    vertex 39.18392619105779 35.05922683511987 6.0
    vertex 39.55957063728013 11.17183382335838 6.0
  endloop
endfacet
facet normal 2.2206193750608892e-32 6.303640005430188e-32 1.0
  outer loop
    vertex 40.892986148198595 32.36613366264117 6.0
    vertex 39.55957063728013 11.17183382335838 6.0
    vertex 40.07232052177139 11.97984683469921 6.0
  endloop
endfacet
facet normal 2.2206193750608892e-32 6.303640005430188e-32 1.0
  outer loop
    vertex 40.892986148198595 32.36613366264117 6.0
    vertex 40.07232052177139 11.97984683469921 6.0
    vertex 40.58512356851081 12.787859846039996 6.0
  endloop
endfacet
facet normal 2.2206193750608892e-32 6.303640005430188e-32 1.0
  outer loop
    vertex 41.77005692003231 35.944909891172095 6.0
    vertex 40.892986148198595 32.36613366264117 6.0
    vertex 42.795503526766566 34.3290433552353 6.0
  endloop
endfacet
facet normal 2.2206193750608892e-32 6.303640005430188e-32 1.0
  outer loop
    vertex 39.318479841410024 38.908333096065284 6.0
    vertex 37.92339612250709 40.21835721774823 6.0
    vertex 37.96390575568299 36.53394760191996 6.0
  endloop
endfacet
facet normal 2.2206193750608892e-32 6.303640005430188e-32 1.0
  outer loop
    vertex 31.873532270241483 4.607146758919415 6.0
    vertex 33.134859772516066 43.40096837222736 6.0
    vertex 31.295286495890927 41.37899542181387 6.0
  endloop
endfacet
facet normal 2.2206193750608892e-32 6.303640005430188e-32 1.0
  outer loop
    vertex 33.134859772516066 43.40096837222736 6.0
    vertex 31.873532270241483 4.607146758919415 6.0
    vertex 32.712113574333166 5.068169775851255 6.0
  endloop
endfacet
facet normal 2.2206193750608892e-32 6.303640005430188e-32 1.0
  outer loop
    vertex 33.134859772516066 43.40096837222736 6.0
    vertex 32.712113574333166 5.068169775851255 6.0
    vertex 33.55074804067317 5.5291927927831495 6.0
  endloop
endfacet
facet normal 2.2206193750608892e-32 6.303640005430188e-32 1.0
  outer loop
    vertex 33.134859772516066 43.40096837222736 6.0
    vertex 33.55074804067317 5.5291927927831495 6.0
    vertex 34.090344860536916 39.84239379803639 6.0
  endloop
endfacet
facet normal 2.2206193750608892e-32 6.303640005430188e-32 1.0
  outer loop
    vertex 33.134859772516066 43.40096837222736 6.0
    vertex 34.090344860536916 39.84239379803639 6.0
    vertex 34.811916056203025 42.47902866286017 6.0
  endloop
endfacet
facet normal 2.2206193750608892e-32 6.303640005430188e-32 1.0
  outer loop
    vertex 29.558901143143203 44.81683853020086 6.0
    vertex 27.70525581940299 45.292746976646185 6.0
    vertex 29.515733397554087 42.0835546980358 6.0
  endloop
endfacet
facet normal 0.0 1.0 0.0
  outer loop
    vertex 25.202462032684377 21.855861652740078 12.999999999999998
    vertex 28.90384510785448 21.855861652740078 9.999999999999998
    vertex 25.202462032684377 21.855861652740078 9.999999999999998
  endloop
endfacet
facet normal 0.0 1.0 0.0
  outer loop
    vertex 28.90384510785448 21.855861652740078 9.999999999999998
    vertex 25.202462032684377 21.855861652740078 12.999999999999998
    vertex 28.90384510785448 21.855861652740078 12.999999999999998
  endloop
endfacet
facet normal -1.0 -0.0 -0.0
  outer loop
    vertex 28.90384510785448 23.855861652740078 12.999999999999998
    vertex 28.90384510785448 21.855861652740078 9.999999999999998
    vertex 28.90384510785448 21.855861652740078 12.999999999999998
  endloop
endfacet
facet normal -1.0 -0.0 -0.0
  outer loop
    vertex 28.90384510785448 21.855861652740078 9.999999999999998
    vertex 28.90384510785448 23.855861652740078 12.999999999999998
    vertex 28.90384510785448 23.855861652740078 9.999999999999998
  endloop
endfacet
facet normal 0.0 -1.0 0.0
  outer loop
    vertex 28.90384510785448 23.855861652740078 12.999999999999998
    vertex 25.209861801581756 23.855861652740078 9.999999999999998
    vertex 28.90384510785448 23.855861652740078 9.999999999999998
  endloop
endfacet
facet normal 0.0 -1.0 0.0
  outer loop
    vertex 25.209861801581756 23.855861652740078 9.999999999999998
    vertex 28.90384510785448 23.855861652740078 12.999999999999998
    vertex 25.209861801581756 23.855861652740078 12.999999999999998
  endloop
endfacet
facet normal 0.0 -1.0 0.0
  outer loop
    vertex 20.659707304813498 23.840771586623138 12.999999999999998
    vertex 16.96172197524753 23.840771586623138 9.999999999999998
    vertex 20.659707304813498 23.840771586623138 9.999999999999998
  endloop
endfacet
facet normal 0.0 -1.0 0.0
  outer loop
    vertex 16.96172197524753 23.840771586623138 9.999999999999998
    vertex 20.659707304813498 23.840771586623138 12.999999999999998
    vertex 16.96172197524753 23.840771586623138 12.999999999999998
  endloop
endfacet
facet normal 1.0 0.0 0.0
  outer loop
    vertex 16.96172197524753 23.840771586623138 9.999999999999998
    vertex 16.96172197524753 21.840771586623138 12.999999999999998
    vertex 16.96172197524753 21.840771586623138 9.999999999999998
  endloop
endfacet
facet normal 1.0 0.0 0.0
  outer loop
    vertex 16.96172197524753 21.840771586623138 12.999999999999998
    vertex 16.96172197524753 23.840771586623138 9.999999999999998
    vertex 16.96172197524753 23.840771586623138 12.999999999999998
  endloop
endfacet
facet normal 0.0 1.0 0.0
  outer loop
    vertex 16.96172197524753 21.840771586623138 12.999999999999998
    vertex 20.659707304813498 21.840771586623138 9.999999999999998
    vertex 16.96172197524753 21.840771586623138 9.999999999999998
  endloop
endfacet
facet normal 0.0 1.0 0.0
  outer loop
    vertex 20.659707304813498 21.840771586623138 9.999999999999998
    vertex 16.96172197524753 21.840771586623138 12.999999999999998
    vertex 20.659707304813498 21.840771586623138 12.999999999999998
  endloop
endfacet
facet normal 0.0 0.0 1.0
  outer loop
    vertex 15.96172197524753 20.84077158662314 12.999999999999998
    vertex 16.96172197524753 21.840771586623138 12.999999999999998
    vertex 15.96172197524753 24.84077158662314 12.999999999999998
  endloop
endfacet
facet normal 0.0 0.0 1.0
  outer loop
    vertex 16.96172197524753 21.840771586623138 12.999999999999998
    vertex 15.96172197524753 20.84077158662314 12.999999999999998
    vertex 18.385946030573205 20.84077158662314 12.999999999999998
  endloop
endfacet
facet normal 0.0 0.0 1.0
  outer loop
    vertex 16.96172197524753 21.840771586623138 12.999999999999998
    vertex 18.385946030573205 20.84077158662314 12.999999999999998
    vertex 20.659707304813498 21.840771586623138 12.999999999999998
  endloop
endfacet
facet normal 0.0 0.0 1.0
  outer loop
    vertex 20.659707304813498 21.840771586623138 12.999999999999998
    vertex 18.385946030573205 20.84077158662314 12.999999999999998
    vertex 18.471794010061664 20.59650132572273 12.999999999999998
  endloop
endfacet
facet normal 0.0 0.0 1.0
  outer loop
    vertex 20.659707304813498 21.840771586623138 12.999999999999998
    vertex 18.471794010061664 20.59650132572273 12.999999999999998
    vertex 19.208544405732482 19.519047131788955 12.999999999999998
  endloop
endfacet
facet normal 0.0 0.0 1.0
  outer loop
    vertex 20.659707304813498 21.840771586623138 12.999999999999998
    vertex 19.208544405732482 19.519047131788955 12.999999999999998
    vertex 20.199056306055255 18.668991333111276 12.999999999999998
  endloop
endfacet
facet normal 0.0 0.0 1.0
  outer loop
    vertex 20.659707304813498 21.840771586623138 12.999999999999998
    vertex 20.199056306055255 18.668991333111276 12.999999999999998
    vertex 21.37582796192131 18.104263827585946 12.999999999999998
  endloop
endfacet
facet normal 0.0 0.0 1.0
  outer loop
    vertex 20.659707304813498 21.840771586623138 12.999999999999998
    vertex 21.37582796192131 18.104263827585946 12.999999999999998
    vertex 20.69207701799418 21.745990393320763 12.999999999999998
  endloop
endfacet
facet normal 0.0 0.0 1.0
  outer loop
    vertex 20.69207701799418 21.745990393320763 12.999999999999998
    vertex 21.37582796192131 18.104263827585946 12.999999999999998
    vertex 21.055663441933774 21.204019837189286 12.999999999999998
  endloop
endfacet
facet normal 0.0 0.0 1.0
  outer loop
    vertex 21.055663441933774 21.204019837189286 12.999999999999998
    vertex 21.37582796192131 18.104263827585946 12.999999999999998
    vertex 21.547133260716723 20.774619570989913 12.999999999999998
  endloop
endfacet
facet normal 0.0 0.0 1.0
  outer loop
    vertex 21.547133260716723 20.774619570989913 12.999999999999998
    vertex 21.37582796192131 18.104263827585946 12.999999999999998
    vertex 22.65866432969047 17.863349861458197 12.999999999999998
  endloop
endfacet
facet normal 0.0 0.0 1.0
  outer loop
    vertex 21.547133260716723 20.774619570989913 12.999999999999998
    vertex 22.65866432969047 17.863349861458197 12.999999999999998
    vertex 22.13299361838529 20.487052513246667 12.999999999999998
  endloop
endfacet
facet normal 0.0 0.0 1.0
  outer loop
    vertex 22.13299361838529 20.487052513246667 12.999999999999998
    vertex 22.65866432969047 17.863349861458197 12.999999999999998
    vertex 22.77331909974436 20.36091588371769 12.999999999999998
  endloop
endfacet
facet normal 0.0 0.0 1.0
  outer loop
    vertex 22.77331909974436 20.36091588371769 12.999999999999998
    vertex 22.65866432969047 17.863349861458197 12.999999999999998
    vertex 23.960142230886614 17.96266732339047 12.999999999999998
  endloop
endfacet
facet normal 0.0 0.0 1.0
  outer loop
    vertex 22.77331909974436 20.36091588371769 12.999999999999998
    vertex 23.960142230886614 17.96266732339047 12.999999999999998
    vertex 23.42447258142719 20.404805685254775 12.999999999999998
  endloop
endfacet
facet normal 0.0 0.0 1.0
  outer loop
    vertex 23.42447258142719 20.404805685254775 12.999999999999998
    vertex 23.960142230886614 17.96266732339047 12.999999999999998
    vertex 24.04207902973913 20.61573090041447 12.999999999999998
  endloop
endfacet
facet normal 0.0 0.0 1.0
  outer loop
    vertex 24.04207902973913 20.61573090041447 12.999999999999998
    vertex 23.960142230886614 17.96266732339047 12.999999999999998
    vertex 25.19156809733714 18.395447892481954 12.999999999999998
  endloop
endfacet
facet normal 0.0 0.0 1.0
  outer loop
    vertex 24.04207902973913 20.61573090041447 12.999999999999998
    vertex 25.19156809733714 18.395447892481954 12.999999999999998
    vertex 24.58404958587061 20.97931732435406 12.999999999999998
  endloop
endfacet
facet normal 0.0 0.0 1.0
  outer loop
    vertex 24.58404958587061 20.97931732435406 12.999999999999998
    vertex 25.19156809733714 18.395447892481954 12.999999999999998
    vertex 25.01344985206997 21.47078714313703 12.999999999999998
  endloop
endfacet
facet normal 0.0 0.0 1.0
  outer loop
    vertex 25.01344985206997 21.47078714313703 12.999999999999998
    vertex 25.19156809733714 18.395447892481954 12.999999999999998
    vertex 25.202462032684377 21.855861652740078 12.999999999999998
  endloop
endfacet
facet normal 0.0 0.0 1.0
  outer loop
    vertex 25.202462032684377 21.855861652740078 12.999999999999998
    vertex 25.19156809733714 18.395447892481954 12.999999999999998
    vertex 26.269022291270915 19.132198288152768 12.999999999999998
  endloop
endfacet
facet normal 0.0 0.0 1.0
  outer loop
    vertex 25.202462032684377 21.855861652740078 12.999999999999998
    vertex 26.269022291270915 19.132198288152768 12.999999999999998
    vertex 27.470914230394758 20.85586165274008 12.999999999999998
  endloop
endfacet
facet normal 0.0 0.0 1.0
  outer loop
    vertex 25.202462032684377 21.855861652740078 12.999999999999998
    vertex 27.470914230394758 20.85586165274008 12.999999999999998
    vertex 28.90384510785448 21.855861652740078 12.999999999999998
  endloop
endfacet
facet normal 0.0 0.0 1.0
  outer loop
    vertex 27.470914230394758 20.85586165274008 12.999999999999998
    vertex 26.269022291270915 19.132198288152768 12.999999999999998
    vertex 27.119078089948594 20.122710188475544 12.999999999999998
  endloop
endfacet
facet normal 0.0 0.0 1.0
  outer loop
    vertex 28.90384510785448 21.855861652740078 12.999999999999998
    vertex 27.470914230394758 20.85586165274008 12.999999999999998
    vertex 29.90384510785448 20.85586165274008 12.999999999999998
  endloop
endfacet
facet normal 0.0 0.0 1.0
  outer loop
    vertex 28.90384510785448 21.855861652740078 12.999999999999998
    vertex 29.90384510785448 20.85586165274008 12.999999999999998
    vertex 28.90384510785448 23.855861652740078 12.999999999999998
  endloop
endfacet
facet normal 0.0 0.0 1.0
  outer loop
    vertex 15.96172197524753 24.84077158662314 12.999999999999998
    vertex 16.96172197524753 23.840771586623138 12.999999999999998
    vertex 18.38625965435181 24.840771586623138 12.999999999999998
  endloop
endfacet
facet normal 0.0 0.0 1.0
  outer loop
    vertex 16.96172197524753 23.840771586623138 12.999999999999998
    vertex 15.96172197524753 24.84077158662314 12.999999999999998
    vertex 16.96172197524753 21.840771586623138 12.999999999999998
  endloop
endfacet
facet normal 0.0 0.0 1.0
  outer loop
    vertex 18.38625965435181 24.840771586623138 12.999999999999998
    vertex 16.96172197524753 23.840771586623138 12.999999999999998
    vertex 20.659707304813498 23.840771586623138 12.999999999999998
  endloop
endfacet
facet normal 0.0 0.0 1.0
  outer loop
    vertex 18.38625965435181 24.840771586623138 12.999999999999998
    vertex 20.659707304813498 23.840771586623138 12.999999999999998
    vertex 18.745337450690986 25.589013117004612 12.999999999999998
  endloop
endfacet
facet normal 0.0 0.0 1.0
  outer loop
    vertex 18.745337450690986 25.589013117004612 12.999999999999998
    vertex 20.659707304813498 23.840771586623138 12.999999999999998
    vertex 19.595393249368666 26.57952501732739 12.999999999999998
  endloop
endfacet
facet normal 0.0 0.0 1.0
  outer loop
    vertex 19.595393249368666 26.57952501732739 12.999999999999998
    vertex 20.659707304813498 23.840771586623138 12.999999999999998
    vertex 20.67284744330244 27.31627541299821 12.999999999999998
  endloop
endfacet
facet normal 0.0 0.0 1.0
  outer loop
    vertex 20.67284744330244 27.31627541299821 12.999999999999998
    vertex 20.659707304813498 23.840771586623138 12.999999999999998
    vertex 20.850965688569627 24.240936162343168 12.999999999999998
  endloop
endfacet
facet normal 0.0 0.0 1.0
  outer loop
    vertex 20.67284744330244 27.31627541299821 12.999999999999998
    vertex 20.850965688569627 24.240936162343168 12.999999999999998
    vertex 21.90427330975297 27.749055982089693 12.999999999999998
  endloop
endfacet
facet normal 0.0 0.0 1.0
  outer loop
    vertex 21.90427330975297 27.749055982089693 12.999999999999998
    vertex 20.850965688569627 24.240936162343168 12.999999999999998
    vertex 21.28036595476899 24.732405981126124 12.999999999999998
  endloop
endfacet
facet normal 0.0 0.0 1.0
  outer loop
    vertex 21.90427330975297 27.749055982089693 12.999999999999998
    vertex 21.28036595476899 24.732405981126124 12.999999999999998
    vertex 21.82233651090047 25.095992405065704 12.999999999999998
  endloop
endfacet
facet normal 0.0 0.0 1.0
  outer loop
    vertex 21.90427330975297 27.749055982089693 12.999999999999998
    vertex 21.82233651090047 25.095992405065704 12.999999999999998
    vertex 22.439942959212402 25.306917620225427 12.999999999999998
  endloop
endfacet
facet normal 0.0 0.0 1.0
  outer loop
    vertex 21.90427330975297 27.749055982089693 12.999999999999998
    vertex 22.439942959212402 25.306917620225427 12.999999999999998
    vertex 23.20575121094911 27.848373444021963 12.999999999999998
  endloop
endfacet
facet normal 0.0 0.0 1.0
  outer loop
    vertex 23.20575121094911 27.848373444021963 12.999999999999998
    vertex 22.439942959212402 25.306917620225427 12.999999999999998
    vertex 23.091096440895246 25.35080742176248 12.999999999999998
  endloop
endfacet
facet normal 0.0 0.0 1.0
  outer loop
    vertex 23.20575121094911 27.848373444021963 12.999999999999998
    vertex 23.091096440895246 25.35080742176248 12.999999999999998
    vertex 23.73142192225431 25.22467079223352 12.999999999999998
  endloop
endfacet
facet normal 0.0 0.0 1.0
  outer loop
    vertex 23.20575121094911 27.848373444021963 12.999999999999998
    vertex 23.73142192225431 25.22467079223352 12.999999999999998
    vertex 24.488587578718274 27.607459477894214 12.999999999999998
  endloop
endfacet
facet normal 0.0 0.0 1.0
  outer loop
    vertex 24.488587578718274 27.607459477894214 12.999999999999998
    vertex 23.73142192225431 25.22467079223352 12.999999999999998
    vertex 24.31728227992287 24.937103734490282 12.999999999999998
  endloop
endfacet
facet normal 0.0 0.0 1.0
  outer loop
    vertex 24.488587578718274 27.607459477894214 12.999999999999998
    vertex 24.31728227992287 24.937103734490282 12.999999999999998
    vertex 24.808752098705842 24.507703468290906 12.999999999999998
  endloop
endfacet
facet normal 0.0 0.0 1.0
  outer loop
    vertex 24.488587578718274 27.607459477894214 12.999999999999998
    vertex 24.808752098705842 24.507703468290906 12.999999999999998
    vertex 25.665359234584326 27.042731972368887 12.999999999999998
  endloop
endfacet
facet normal 0.0 0.0 1.0
  outer loop
    vertex 25.665359234584326 27.042731972368887 12.999999999999998
    vertex 24.808752098705842 24.507703468290906 12.999999999999998
    vertex 25.172338522645415 23.965732912159428 12.999999999999998
  endloop
endfacet
facet normal 0.0 0.0 1.0
  outer loop
    vertex 25.665359234584326 27.042731972368887 12.999999999999998
    vertex 25.172338522645415 23.965732912159428 12.999999999999998
    vertex 25.209861801581756 23.855861652740078 12.999999999999998
  endloop
endfacet
facet normal 0.0 0.0 1.0
  outer loop
    vertex 25.665359234584326 27.042731972368887 12.999999999999998
    vertex 25.209861801581756 23.855861652740078 12.999999999999998
    vertex 27.48377286415341 24.85586165274008 12.999999999999998
  endloop
endfacet
facet normal 0.0 0.0 1.0
  outer loop
    vertex 27.48377286415341 24.85586165274008 12.999999999999998
    vertex 25.209861801581756 23.855861652740078 12.999999999999998
    vertex 28.90384510785448 23.855861652740078 12.999999999999998
  endloop
endfacet
facet normal 0.0 0.0 1.0
  outer loop
    vertex 25.665359234584326 27.042731972368887 12.999999999999998
    vertex 27.48377286415341 24.85586165274008 12.999999999999998
    vertex 26.6558711349071 26.192676173691208 12.999999999999998
  endloop
endfacet
facet normal 0.0 0.0 1.0
  outer loop
    vertex 26.6558711349071 26.192676173691208 12.999999999999998
    vertex 27.48377286415341 24.85586165274008 12.999999999999998
    vertex 27.392621530577916 25.115221979757433 12.999999999999998
  endloop
endfacet
facet normal 0.0 0.0 1.0
  outer loop
    vertex 27.48377286415341 24.85586165274008 12.999999999999998
    vertex 28.90384510785448 23.855861652740078 12.999999999999998
    vertex 29.90384510785448 24.85586165274008 12.999999999999998
  endloop
endfacet
facet normal 0.0 0.0 1.0
  outer loop
    vertex 29.90384510785448 24.85586165274008 12.999999999999998
    vertex 28.90384510785448 23.855861652740078 12.999999999999998
    vertex 29.90384510785448 20.85586165274008 12.999999999999998
  endloop
endfacet
facet normal 0.0 0.0 1.0
  outer loop
    vertex 20.659707304813498 21.840771586623138 9.999999999999998
    vertex 16.96172197524753 23.840771586623138 9.999999999999998
    vertex 16.96172197524753 21.840771586623138 9.999999999999998
  endloop
endfacet
facet normal 0.0 0.0 1.0
  outer loop
    vertex 16.96172197524753 23.840771586623138 9.999999999999998
    vertex 20.659707304813498 21.840771586623138 9.999999999999998
    vertex 20.481151802834475 22.363596841632702 9.999999999999998
  endloop
endfacet
facet normal 0.0 0.0 1.0
  outer loop
    vertex 16.96172197524753 23.840771586623138 9.999999999999998
    vertex 20.481151802834475 22.363596841632702 9.999999999999998
    vertex 20.43726200129741 23.014750323315546 9.999999999999998
  endloop
endfacet
facet normal 0.0 0.0 1.0
  outer loop
    vertex 16.96172197524753 23.840771586623138 9.999999999999998
    vertex 20.563398630826367 23.655075804674613 9.999999999999998
    vertex 20.659707304813498 23.840771586623138 9.999999999999998
  endloop
endfacet
facet normal 0.0 0.0 1.0
  outer loop
    vertex 20.563398630826367 23.655075804674613 9.999999999999998
    vertex 16.96172197524753 23.840771586623138 9.999999999999998
    vertex 20.43726200129741 23.014750323315546 9.999999999999998
  endloop
endfacet
facet normal 1.0 0.0 0.0
  outer loop
    vertex 29.90384510785448 24.85586165274008 5.999999999999999
    vertex 29.90384510785448 20.85586165274008 12.999999999999998
    vertex 29.90384510785448 20.85586165274008 5.999999999999999
  endloop
endfacet
facet normal 1.0 0.0 0.0
  outer loop
    vertex 29.90384510785448 20.85586165274008 12.999999999999998
    vertex 29.90384510785448 24.85586165274008 5.999999999999999
    vertex 29.90384510785448 24.85586165274008 12.999999999999998
  endloop
endfacet
facet normal 0.0 -1.0 0.0
  outer loop
    vertex 29.90384510785448 20.85586165274008 12.999999999999998
    vertex 27.470914230394758 20.85586165274008 5.999999999999999
    vertex 29.90384510785448 20.85586165274008 5.999999999999999
  endloop
endfacet
facet normal 0.0 -1.0 0.0
  outer loop
    vertex 27.470914230394758 20.85586165274008 5.999999999999999
    vertex 29.90384510785448 20.85586165274008 12.999999999999998
    vertex 27.470914230394758 20.85586165274008 12.999999999999998
  endloop
endfacet
facet normal 0.901559783405122 -0.43265454689221694 3.941415809868361e-18
  outer loop
    vertex 27.470914230394758 20.85586165274008 5.999999999999999
    vertex 27.119078089948594 20.122710188475544 12.999999999999998
    vertex 27.119078089948594 20.122710188475544 5.999999999999999
  endloop
endfacet
facet normal 0.8373740639257611 -0.5466302928529077 1.9877130657607717e-18
  outer loop
    vertex 27.119078089948594 20.122710188475544 12.999999999999998
    vertex 27.470914230394758 20.85586165274008 5.999999999999999
    vertex 27.470914230394758 20.85586165274008 12.999999999999998
  endloop
endfacet
facet normal 0.8373740639257611 -0.5466302928529077 1.9877130657607717e-18
  outer loop
    vertex 27.119078089948594 20.122710188475544 5.999999999999999
    vertex 26.269022291270915 19.132198288152768 12.999999999999998
    vertex 26.269022291270915 19.132198288152768 5.999999999999999
  endloop
endfacet
facet normal 0.6673629041902258 -0.744732672917462 2.488925324431718e-18
  outer loop
    vertex 26.269022291270915 19.132198288152768 12.999999999999998
    vertex 27.119078089948594 20.122710188475544 5.999999999999999
    vertex 27.119078089948594 20.122710188475544 12.999999999999998
  endloop
endfacet
facet normal 0.6673629041902258 -0.744732672917462 2.488925324431718e-18
  outer loop
    vertex 26.269022291270915 19.132198288152768 12.999999999999998
    vertex 25.19156809733714 18.395447892481954 5.999999999999999
    vertex 26.269022291270915 19.132198288152768 5.999999999999999
  endloop
endfacet
facet normal 0.45187206540347036 -0.8920827520516253 2.488925324431877e-18
  outer loop
    vertex 25.19156809733714 18.395447892481954 5.999999999999999
    vertex 26.269022291270915 19.132198288152768 12.999999999999998
    vertex 25.19156809733714 18.395447892481954 12.999999999999998
  endloop
endfacet
facet normal 0.45187206540347036 -0.8920827520516253 2.488925324431877e-18
  outer loop
    vertex 25.19156809733714 18.395447892481954 12.999999999999998
    vertex 23.960142230886614 17.96266732339047 5.999999999999999
    vertex 25.19156809733714 18.395447892481954 5.999999999999999
  endloop
endfacet
facet normal 0.20558689211336348 -0.9786388658699224 -4.82797612402471e-32
  outer loop
    vertex 23.960142230886614 17.96266732339047 5.999999999999999
    vertex 25.19156809733714 18.395447892481954 12.999999999999998
    vertex 23.960142230886614 17.96266732339047 12.999999999999998
  endloop
endfacet
facet normal 0.20558689211336348 -0.9786388658699224 -4.82797612402471e-32
  outer loop
    vertex 23.960142230886614 17.96266732339047 12.999999999999998
    vertex 22.65866432969047 17.863349861458197 5.999999999999999
    vertex 23.960142230886614 17.96266732339047 5.999999999999999
  endloop
endfacet
facet normal -0.05470868812586363 -0.9985023582563773 -1.4809364095535363e-31
  outer loop
    vertex 22.65866432969047 17.863349861458197 5.999999999999999
    vertex 23.960142230886614 17.96266732339047 12.999999999999998
    vertex 22.65866432969047 17.863349861458197 12.999999999999998
  endloop
endfacet
facet normal -0.05470868812586363 -0.9985023582563773 -1.4809364095535363e-31
  outer loop
    vertex 22.65866432969047 17.863349861458197 12.999999999999998
    vertex 21.37582796192131 18.104263827585946 5.999999999999999
    vertex 22.65866432969047 17.863349861458197 5.999999999999999
  endloop
endfacet
facet normal -0.3112759616796961 -0.950319565030827 8.531377872811014e-32
  outer loop
    vertex 21.37582796192131 18.104263827585946 5.999999999999999
    vertex 22.65866432969047 17.863349861458197 12.999999999999998
    vertex 21.37582796192131 18.104263827585946 12.999999999999998
  endloop
endfacet
facet normal -0.3112759616796961 -0.950319565030827 8.531377872811014e-32
  outer loop
    vertex 21.37582796192131 18.104263827585946 12.999999999999998
    vertex 20.199056306055255 18.668991333111276 5.999999999999999
    vertex 21.37582796192131 18.104263827585946 5.999999999999999
  endloop
endfacet
facet normal -0.5466302928529072 -0.8373740639257613 1.9006386725299615e-31
  outer loop
    vertex 20.199056306055255 18.668991333111276 5.999999999999999
    vertex 21.37582796192131 18.104263827585946 12.999999999999998
    vertex 20.199056306055255 18.668991333111276 12.999999999999998
  endloop
endfacet
facet normal -0.5466302928529072 -0.8373740639257613 1.9006386725299615e-31
  outer loop
    vertex 20.199056306055255 18.668991333111276 12.999999999999998
    vertex 19.208544405732482 19.519047131788955 5.999999999999999
    vertex 20.199056306055255 18.668991333111276 5.999999999999999
  endloop
endfacet
facet normal -0.744732672917463 -0.6673629041902248 -9.257329988312519e-32
  outer loop
    vertex 19.208544405732482 19.519047131788955 5.999999999999999
    vertex 20.199056306055255 18.668991333111276 12.999999999999998
    vertex 19.208544405732482 19.519047131788955 12.999999999999998
  endloop
endfacet
facet normal -0.8920827520516252 -0.45187206540347064 5.200076990420116e-19
  outer loop
    vertex 18.471794010061664 20.59650132572273 12.999999999999998
    vertex 19.208544405732482 19.519047131788955 5.999999999999999
    vertex 19.208544405732482 19.519047131788955 12.999999999999998
  endloop
endfacet
facet normal -0.744732672917463 -0.6673629041902248 -9.257329988312519e-32
  outer loop
    vertex 19.208544405732482 19.519047131788955 5.999999999999999
    vertex 18.471794010061664 20.59650132572273 12.999999999999998
    vertex 18.471794010061664 20.59650132572273 5.999999999999999
  endloop
endfacet
facet normal -0.9434320005095154 -0.33156607247216 1.0311179221803885e-18
  outer loop
    vertex 18.385946030573205 20.84077158662314 12.999999999999998
    vertex 18.471794010061664 20.59650132572273 5.999999999999999
    vertex 18.471794010061664 20.59650132572273 12.999999999999998
  endloop
endfacet
facet normal -0.8920827520516252 -0.45187206540347064 5.200076990420116e-19
  outer loop
    vertex 18.471794010061664 20.59650132572273 5.999999999999999
    vertex 18.385946030573205 20.84077158662314 12.999999999999998
    vertex 18.385946030573205 20.84077158662314 5.999999999999999
  endloop
endfacet
facet normal 0.0 -1.0 0.0
  outer loop
    vertex 18.385946030573205 20.84077158662314 12.999999999999998
    vertex 15.96172197524753 20.84077158662314 5.999999999999999
    vertex 18.385946030573205 20.84077158662314 5.999999999999999
  endloop
endfacet
facet normal 0.0 -1.0 0.0
  outer loop
    vertex 15.96172197524753 20.84077158662314 5.999999999999999
    vertex 18.385946030573205 20.84077158662314 12.999999999999998
    vertex 15.96172197524753 20.84077158662314 12.999999999999998
  endloop
endfacet
facet normal -1.0 -0.0 -0.0
  outer loop
    vertex 15.96172197524753 24.84077158662314 12.999999999999998
    vertex 15.96172197524753 20.84077158662314 5.999999999999999
    vertex 15.96172197524753 20.84077158662314 12.999999999999998
  endloop
endfacet
facet normal -1.0 -0.0 -0.0
  outer loop
    vertex 15.96172197524753 20.84077158662314 5.999999999999999
    vertex 15.96172197524753 24.84077158662314 12.999999999999998
    vertex 15.96172197524753 24.84077158662314 5.999999999999999
  endloop
endfacet
facet normal 1.163094517710157e-15 1.0 0.0
  outer loop
    vertex 15.96172197524753 24.84077158662314 12.999999999999998
    vertex 18.38625965435181 24.840771586623138 5.999999999999999
    vertex 15.96172197524753 24.84077158662314 5.999999999999999
  endloop
endfacet
facet normal 1.163094517710157e-15 1.0 0.0
  outer loop
    vertex 18.38625965435181 24.840771586623138 5.999999999999999
    vertex 15.96172197524753 24.84077158662314 12.999999999999998
    vertex 18.38625965435181 24.840771586623138 12.999999999999998
  endloop
endfacet
facet normal -0.8373740639257619 0.5466302928529062 7.992367309196368e-20
  outer loop
    vertex 18.745337450690986 25.589013117004612 12.999999999999998
    vertex 18.38625965435181 24.840771586623138 5.999999999999999
    vertex 18.38625965435181 24.840771586623138 12.999999999999998
  endloop
endfacet
facet normal -0.9015597834051229 0.43265454689221533 1.5847982997829537e-19
  outer loop
    vertex 18.38625965435181 24.840771586623138 5.999999999999999
    vertex 18.745337450690986 25.589013117004612 12.999999999999998
    vertex 18.745337450690986 25.589013117004612 5.999999999999999
  endloop
endfacet
facet normal -0.6673629041902265 0.7447326729174616 0.0
  outer loop
    vertex 19.595393249368666 26.57952501732739 12.999999999999998
    vertex 18.745337450690986 25.589013117004612 5.999999999999999
    vertex 18.745337450690986 25.589013117004612 12.999999999999998
  endloop
endfacet
facet normal -0.8373740639257619 0.5466302928529062 7.992367309196368e-20
  outer loop
    vertex 18.745337450690986 25.589013117004612 5.999999999999999
    vertex 19.595393249368666 26.57952501732739 12.999999999999998
    vertex 19.595393249368666 26.57952501732739 5.999999999999999
  endloop
endfacet
facet normal -0.6673629041902265 0.7447326729174616 0.0
  outer loop
    vertex 19.595393249368666 26.57952501732739 12.999999999999998
    vertex 20.67284744330244 27.31627541299821 5.999999999999999
    vertex 19.595393249368666 26.57952501732739 5.999999999999999
  endloop
endfacet
facet normal -0.45187206540347097 0.8920827520516251 0.0
  outer loop
    vertex 20.67284744330244 27.31627541299821 5.999999999999999
    vertex 19.595393249368666 26.57952501732739 12.999999999999998
    vertex 20.67284744330244 27.31627541299821 12.999999999999998
  endloop
endfacet
facet normal -0.45187206540347097 0.8920827520516251 0.0
  outer loop
    vertex 20.67284744330244 27.31627541299821 12.999999999999998
    vertex 21.90427330975297 27.749055982089693 5.999999999999999
    vertex 20.67284744330244 27.31627541299821 5.999999999999999
  endloop
endfacet
facet normal -0.20558689211336323 0.9786388658699225 -2.5946031942224643e-31
  outer loop
    vertex 21.90427330975297 27.749055982089693 5.999999999999999
    vertex 20.67284744330244 27.31627541299821 12.999999999999998
    vertex 21.90427330975297 27.749055982089693 12.999999999999998
  endloop
endfacet
facet normal -0.20558689211336323 0.9786388658699225 -2.5946031942224643e-31
  outer loop
    vertex 21.90427330975297 27.749055982089693 12.999999999999998
    vertex 23.20575121094911 27.848373444021963 5.999999999999999
    vertex 21.90427330975297 27.749055982089693 5.999999999999999
  endloop
endfacet
facet normal 0.05470868812586443 0.9985023582563773 -2.594603194222464e-31
  outer loop
    vertex 23.20575121094911 27.848373444021963 5.999999999999999
    vertex 21.90427330975297 27.749055982089693 12.999999999999998
    vertex 23.20575121094911 27.848373444021963 12.999999999999998
  endloop
endfacet
facet normal 0.05470868812586443 0.9985023582563773 -2.594603194222464e-31
  outer loop
    vertex 23.20575121094911 27.848373444021963 12.999999999999998
    vertex 24.488587578718274 27.607459477894214 5.999999999999999
    vertex 23.20575121094911 27.848373444021963 5.999999999999999
  endloop
endfacet
facet normal 0.31127596167969596 0.950319565030827 1.9877130657604027e-18
  outer loop
    vertex 24.488587578718274 27.607459477894214 5.999999999999999
    vertex 23.20575121094911 27.848373444021963 12.999999999999998
    vertex 24.488587578718274 27.607459477894214 12.999999999999998
  endloop
endfacet
facet normal 0.31127596167969596 0.950319565030827 1.9877130657604027e-18
  outer loop
    vertex 24.488587578718274 27.607459477894214 12.999999999999998
    vertex 25.665359234584326 27.042731972368887 5.999999999999999
    vertex 24.488587578718274 27.607459477894214 5.999999999999999
  endloop
endfacet
facet normal 0.5466302928529079 0.8373740639257609 1.9877130657602393e-18
  outer loop
    vertex 25.665359234584326 27.042731972368887 5.999999999999999
    vertex 24.488587578718274 27.607459477894214 12.999999999999998
    vertex 25.665359234584326 27.042731972368887 12.999999999999998
  endloop
endfacet
facet normal 0.5466302928529079 0.8373740639257609 1.9877130657602393e-18
  outer loop
    vertex 25.665359234584326 27.042731972368887 12.999999999999998
    vertex 26.6558711349071 26.192676173691208 5.999999999999999
    vertex 25.665359234584326 27.042731972368887 5.999999999999999
  endloop
endfacet
facet normal 0.7447326729174626 0.6673629041902254 -2.4889253244319634e-18
  outer loop
    vertex 26.6558711349071 26.192676173691208 5.999999999999999
    vertex 25.665359234584326 27.042731972368887 12.999999999999998
    vertex 26.6558711349071 26.192676173691208 12.999999999999998
  endloop
endfacet
facet normal 0.7447326729174626 0.6673629041902254 -2.4889253244319634e-18
  outer loop
    vertex 26.6558711349071 26.192676173691208 5.999999999999999
    vertex 27.392621530577916 25.115221979757433 12.999999999999998
    vertex 27.392621530577916 25.115221979757433 5.999999999999999
  endloop
endfacet
facet normal 0.8920827520516246 0.45187206540347186 -2.4889253244317997e-18
  outer loop
    vertex 27.392621530577916 25.115221979757433 12.999999999999998
    vertex 26.6558711349071 26.192676173691208 5.999999999999999
    vertex 26.6558711349071 26.192676173691208 12.999999999999998
  endloop
endfacet
facet normal 0.8920827520516246 0.45187206540347186 -2.4889253244317997e-18
  outer loop
    vertex 27.392621530577916 25.115221979757433 5.999999999999999
    vertex 27.48377286415341 24.85586165274008 12.999999999999998
    vertex 27.48377286415341 24.85586165274008 5.999999999999999
  endloop
endfacet
facet normal 0.9434320005095154 0.33156607247215997 0.0
  outer loop
    vertex 27.48377286415341 24.85586165274008 12.999999999999998
    vertex 27.392621530577916 25.115221979757433 5.999999999999999
    vertex 27.392621530577916 25.115221979757433 12.999999999999998
  endloop
endfacet
facet normal 0.0 1.0 0.0
  outer loop
    vertex 27.48377286415341 24.85586165274008 12.999999999999998
    vertex 29.90384510785448 24.85586165274008 5.999999999999999
    vertex 27.48377286415341 24.85586165274008 5.999999999999999
  endloop
endfacet
facet normal 0.0 1.0 0.0
  outer loop
    vertex 29.90384510785448 24.85586165274008 5.999999999999999
    vertex 27.48377286415341 24.85586165274008 12.999999999999998
    vertex 29.90384510785448 24.85586165274008 12.999999999999998
  endloop
endfacet
facet normal 0.0 0.0 -1.0
  outer loop
    vertex 0.12019984332138804 25.251015312142634 0.0
    vertex 2.6128181776023687 22.5374621167978 0.0
    vertex 0.0 23.34102863769396 0.0
  endloop
endfacet
facet normal 0.0 0.0 -1.0
  outer loop
    vertex 2.6128181776023687 22.5374621167978 0.0
    vertex 0.12019984332138804 25.251015312142634 0.0
    vertex 2.8130803668069255 25.720772886464015 0.0
  endloop
endfacet
facet normal 0.0 0.0 -1.0
  outer loop
    vertex 2.6128181776023687 22.5374621167978 0.0
    vertex 2.8130803668069255 25.720772886464015 0.0
    vertex 2.6729446803871246 21.582384251598683 0.0
  endloop
endfacet
facet normal 0.0 0.0 -1.0
  outer loop
    vertex 2.6729446803871246 21.582384251598683 0.0
    vertex 2.8130803668069255 25.720772886464015 0.0
    vertex 2.7330180209236814 20.627271299315733 0.0
  endloop
endfacet
facet normal 0.0 0.0 -1.0
  outer loop
    vertex 1.432244130438343 30.849042583976043 0.0
    vertex 3.1717128935853767 27.600839847590677 0.0
    vertex 0.8408672807669935 29.028926690214888 0.0
  endloop
endfacet
facet normal 0.0 0.0 -1.0
  outer loop
    vertex 3.1717128935853767 27.600839847590677 0.0
    vertex 1.432244130438343 30.849042583976043 0.0
    vertex 4.157394138619198 30.63432026324407 0.0
  endloop
endfacet
facet normal 0.0 0.0 -1.0
  outer loop
    vertex 3.1717128935853767 27.600839847590677 0.0
    vertex 4.157394138619198 30.63432026324407 0.0
    vertex 3.330668015890023 17.494154197968875 0.0
  endloop
endfacet
facet normal 0.0 0.0 -1.0
  outer loop
    vertex 3.330668015890023 17.494154197968875 0.0
    vertex 4.157394138619198 30.63432026324407 0.0
    vertex 3.6264096029739803 16.584069669964173 0.0
  endloop
endfacet
facet normal 0.0 0.0 -1.0
  outer loop
    vertex 3.6264096029739803 16.584069669964173 0.0
    vertex 4.157394138619198 30.63432026324407 0.0
    vertex 3.922098027809612 15.67387881746298 0.0
  endloop
endfacet
facet normal 0.0 0.0 -1.0
  outer loop
    vertex 4.095247470400387 35.944909891172095 0.0
    vertex 4.972318242234046 32.36613366264117 0.0
    vertex 3.069800863666245 34.3290433552353 0.0
  endloop
endfacet
facet normal 0.0 0.0 -1.0
  outer loop
    vertex 4.972318242234046 32.36613366264117 0.0
    vertex 4.095247470400387 35.944909891172095 0.0
    vertex 6.681378199374968 35.05922683511987 0.0
  endloop
endfacet
facet normal 0.0 0.0 -1.0
  outer loop
    vertex 4.972318242234046 32.36613366264117 0.0
    vertex 6.681378199374968 35.05922683511987 0.0
    vertex 5.280180821921868 12.787859846039996 0.0
  endloop
endfacet
facet normal 0.0 0.0 -1.0
  outer loop
    vertex 5.280180821921868 12.787859846039996 0.0
    vertex 6.681378199374968 35.05922683511987 0.0
    vertex 6.305733753152577 11.17183382335838 0.0
  endloop
endfacet
facet normal 0.0 0.0 -1.0
  outer loop
    vertex 7.941908267925639 40.21835721774823 0.0
    vertex 7.901398634749702 36.53394760191996 0.0
    vertex 6.546824549022732 38.908333096065284 0.0
  endloop
endfacet
facet normal 0.0 0.0 -1.0
  outer loop
    vertex 6.305733753152577 11.17183382335838 0.0
    vertex 5.884157124431433 7.511347219248203 0.0
    vertex 4.664243013553243 8.985961661551706 0.0
  endloop
endfacet
facet normal 0.0 0.0 -1.0
  outer loop
    vertex 5.884157124431433 7.511347219248203 0.0
    vertex 6.305733753152577 11.17183382335838 0.0
    vertex 8.338870775701281 8.714196248434137 0.0
  endloop
endfacet
facet normal 0.0 0.0 -1.0
  outer loop
    vertex 8.338870775701281 8.714196248434137 0.0
    vertex 6.305733753152577 11.17183382335838 0.0
    vertex 6.681378199374968 35.05922683511987 0.0
  endloop
endfacet
facet normal 0.0 0.0 -1.0
  outer loop
    vertex 8.338870775701281 8.714196248434137 0.0
    vertex 6.681378199374968 35.05922683511987 0.0
    vertex 7.291414998186444 35.79658721851995 0.0
  endloop
endfacet
facet normal 0.0 0.0 -1.0
  outer loop
    vertex 8.338870775701281 8.714196248434137 0.0
    vertex 7.291414998186444 35.79658721851995 0.0
    vertex 7.901398634749702 36.53394760191996 0.0
  endloop
endfacet
facet normal 0.0 0.0 -1.0
  outer loop
    vertex 8.338870775701281 8.714196248434137 0.0
    vertex 7.901398634749702 36.53394760191996 0.0
    vertex 7.941908267925639 40.21835721774823 0.0
  endloop
endfacet
facet normal 0.0 0.0 -1.0
  outer loop
    vertex 8.338870775701281 8.714196248434137 0.0
    vertex 7.941908267925639 40.21835721774823 0.0
    vertex 10.226502724755678 38.717374300306616 0.0
  endloop
endfacet
facet normal 0.0 0.0 -1.0
  outer loop
    vertex 8.338870775701281 8.714196248434137 0.0
    vertex 10.226502724755678 38.717374300306616 0.0
    vertex 9.734113981348985 7.404012640006326 0.0
  endloop
endfacet
facet normal 0.0 0.0 -1.0
  outer loop
    vertex 12.73044461791654 43.40096837222736 0.0
    vertex 11.774959529895709 39.84239379803639 0.0
    vertex 11.053388334229645 42.47902866286017 0.0
  endloop
endfacet
facet normal 0.0 0.0 -1.0
  outer loop
    vertex 11.774959529895709 39.84239379803639 0.0
    vertex 12.73044461791654 43.40096837222736 0.0
    vertex 12.31455634975947 5.5291927927831495 0.0
  endloop
endfacet
facet normal 0.0 0.0 -1.0
  outer loop
    vertex 12.31455634975947 5.5291927927831495 0.0
    vertex 12.73044461791654 43.40096837222736 0.0
    vertex 13.153137653851205 5.068169775851255 0.0
  endloop
endfacet
facet normal 0.0 0.0 -1.0
  outer loop
    vertex 13.153137653851205 5.068169775851255 0.0
    vertex 12.73044461791654 43.40096837222736 0.0
    vertex 14.570017894541687 41.37899542181387 0.0
  endloop
endfacet
facet normal 0.0 0.0 -1.0
  outer loop
    vertex 13.153137653851205 5.068169775851255 0.0
    vertex 14.570017894541687 41.37899542181387 0.0
    vertex 13.991772120191172 4.607146758919415 0.0
  endloop
endfacet
facet normal 0.0 0.0 -1.0
  outer loop
    vertex 21.337848542041083 43.11665666851984 0.0
    vertex 20.43726200129741 23.014750323315546 0.0
    vertex 20.388429266547014 42.99672263643976 0.0
  endloop
endfacet
facet normal 0.0 0.0 -1.0
  outer loop
    vertex 20.43726200129741 23.014750323315546 0.0
    vertex 21.337848542041083 43.11665666851984 0.0
    vertex 20.563398630826367 23.655075804674613 0.0
  endloop
endfacet
facet normal 0.0 0.0 -1.0
  outer loop
    vertex 20.563398630826367 23.655075804674613 0.0
    vertex 21.337848542041083 43.11665666851984 0.0
    vertex 20.850965688569627 24.240936162343168 0.0
  endloop
endfacet
facet normal 0.0 0.0 -1.0
  outer loop
    vertex 20.850965688569627 24.240936162343168 0.0
    vertex 21.337848542041083 43.11665666851984 0.0
    vertex 21.28036595476899 24.732405981126124 0.0
  endloop
endfacet
facet normal 0.0 0.0 -1.0
  outer loop
    vertex 21.28036595476899 24.732405981126124 0.0
    vertex 21.337848542041083 43.11665666851984 0.0
    vertex 21.82233651090047 25.095992405065704 0.0
  endloop
endfacet
facet normal 0.0 0.0 -1.0
  outer loop
    vertex 21.82233651090047 25.095992405065704 0.0
    vertex 21.337848542041083 43.11665666851984 0.0
    vertex 21.97576894006621 45.77476908164178 0.0
  endloop
endfacet
facet normal 0.0 0.0 -1.0
  outer loop
    vertex 21.82233651090047 25.095992405065704 0.0
    vertex 21.97576894006621 45.77476908164178 0.0
    vertex 22.420509275576254 25.29165913678898 0.0
  endloop
endfacet
facet normal 0.0 0.0 -1.0
  outer loop
    vertex 22.420509275576254 25.29165913678898 0.0
    vertex 21.97576894006621 45.77476908164178 0.0
    vertex 22.932652195216395 45.77476908164178 0.0
  endloop
endfacet
facet normal 0.0 0.0 -1.0
  outer loop
    vertex 22.420509275576254 25.29165913678898 0.0
    vertex 22.932652195216395 45.77476908164178 0.0
    vertex 23.091096440895246 25.35080742176248 0.0
  endloop
endfacet
facet normal 0.0 0.0 -1.0
  outer loop
    vertex 23.091096440895246 25.35080742176248 0.0
    vertex 22.932652195216395 45.77476908164178 0.0
    vertex 23.889535450366417 45.77476908164178 0.0
  endloop
endfacet
facet normal 0.0 0.0 -1.0
  outer loop
    vertex 23.091096440895246 25.35080742176248 0.0
    vertex 23.889535450366417 45.77476908164178 0.0
    vertex 23.73142192225431 25.22467079223352 0.0
  endloop
endfacet
facet normal 0.0 0.0 -1.0
  outer loop
    vertex 23.73142192225431 25.22467079223352 0.0
    vertex 23.889535450366417 45.77476908164178 0.0
    vertex 24.31728227992287 24.937103734490282 0.0
  endloop
endfacet
facet normal 0.0 0.0 -1.0
  outer loop
    vertex 24.31728227992287 24.937103734490282 0.0
    vertex 23.889535450366417 45.77476908164178 0.0
    vertex 24.527455848391522 43.11665666851984 0.0
  endloop
endfacet
facet normal 0.0 0.0 -1.0
  outer loop
    vertex 24.31728227992287 24.937103734490282 0.0
    vertex 24.527455848391522 43.11665666851984 0.0
    vertex 24.808752098705842 24.507703468290906 0.0
  endloop
endfacet
facet normal 0.0 0.0 -1.0
  outer loop
    vertex 24.808752098705842 24.507703468290906 0.0
    vertex 24.527455848391522 43.11665666851984 0.0
    vertex 25.476875123885595 42.99672263643976 0.0
  endloop
endfacet
facet normal 0.0 0.0 -1.0
  outer loop
    vertex 24.808752098705842 24.507703468290906 0.0
    vertex 25.476875123885595 42.99672263643976 0.0
    vertex 25.172338522645415 23.965732912159428 0.0
  endloop
endfacet
facet normal 0.0 0.0 -1.0
  outer loop
    vertex 25.172338522645415 23.965732912159428 0.0
    vertex 25.476875123885595 42.99672263643976 0.0
    vertex 25.383263737805112 23.34812646384749 0.0
  endloop
endfacet
facet normal 0.0 0.0 -1.0
  outer loop
    vertex 25.383263737805112 23.34812646384749 0.0
    vertex 25.476875123885595 42.99672263643976 0.0
    vertex 25.427153539342186 22.696972982164656 0.0
  endloop
endfacet
facet normal 0.0 0.0 -1.0
  outer loop
    vertex 13.991772120191172 4.607146758919415 0.0
    vertex 15.385739431880529 1.1963100726496605 0.0
    vertex 13.60634582028846 1.9008161866234765 0.0
  endloop
endfacet
facet normal 0.0 0.0 -1.0
  outer loop
    vertex 15.385739431880529 1.1963100726496605 0.0
    vertex 13.991772120191172 4.607146758919415 0.0
    vertex 14.570017894541687 41.37899542181387 0.0
  endloop
endfacet
facet normal 0.0 0.0 -1.0
  outer loop
    vertex 15.385739431880529 1.1963100726496605 0.0
    vertex 14.570017894541687 41.37899542181387 0.0
    vertex 15.459847605958352 41.73124847880082 0.0
  endloop
endfacet
facet normal 0.0 0.0 -1.0
  outer loop
    vertex 15.385739431880529 1.1963100726496605 0.0
    vertex 15.459847605958352 41.73124847880082 0.0
    vertex 16.957374977262983 3.4329521815469413 0.0
  endloop
endfacet
facet normal 0.0 0.0 -1.0
  outer loop
    vertex 16.957374977262983 3.4329521815469413 0.0
    vertex 15.459847605958352 41.73124847880082 0.0
    vertex 16.349570992878526 42.0835546980358 0.0
  endloop
endfacet
facet normal 0.0 0.0 -1.0
  outer loop
    vertex 9.734113981348985 7.404012640006326 0.0
    vertex 10.236071929442904 3.7536800253142366 0.0
    vertex 8.687774611047665 4.878593198547408 0.0
  endloop
endfacet
facet normal 0.0 0.0 -1.0
  outer loop
    vertex 10.236071929442904 3.7536800253142366 0.0
    vertex 9.734113981348985 7.404012640006326 0.0
    vertex 10.226502724755678 38.717374300306616 0.0
  endloop
endfacet
facet normal 0.0 0.0 -1.0
  outer loop
    vertex 10.236071929442904 3.7536800253142366 0.0
    vertex 10.226502724755678 38.717374300306616 0.0
    vertex 11.000757708449818 39.27988404917155 0.0
  endloop
endfacet
facet normal 0.0 0.0 -1.0
  outer loop
    vertex 10.236071929442904 3.7536800253142366 0.0
    vertex 11.000757708449818 39.27988404917155 0.0
    vertex 12.31455634975947 5.5291927927831495 0.0
  endloop
endfacet
facet normal 0.0 0.0 -1.0
  outer loop
    vertex 12.31455634975947 5.5291927927831495 0.0
    vertex 11.000757708449818 39.27988404917155 0.0
    vertex 11.774959529895709 39.84239379803639 0.0
  endloop
endfacet
facet normal 0.0 0.0 -1.0
  outer loop
    vertex 3.922098027809612 15.67387881746298 0.0
    vertex 2.603461621908139 12.233271272166252 0.0
    vertex 1.7885906805414706 13.964872022570407 0.0
  endloop
endfacet
facet normal 0.0 0.0 -1.0
  outer loop
    vertex 2.603461621908139 12.233271272166252 0.0
    vertex 3.922098027809612 15.67387881746298 0.0
    vertex 5.280180821921868 12.787859846039996 0.0
  endloop
endfacet
facet normal 0.0 0.0 -1.0
  outer loop
    vertex 5.280180821921868 12.787859846039996 0.0
    vertex 3.922098027809612 15.67387881746298 0.0
    vertex 4.157394138619198 30.63432026324407 0.0
  endloop
endfacet
facet normal 0.0 0.0 -1.0
  outer loop
    vertex 5.280180821921868 12.787859846039996 0.0
    vertex 4.157394138619198 30.63432026324407 0.0
    vertex 4.564882771550767 31.500226962942627 0.0
  endloop
endfacet
facet normal 0.0 0.0 -1.0
  outer loop
    vertex 5.280180821921868 12.787859846039996 0.0
    vertex 4.564882771550767 31.500226962942627 0.0
    vertex 4.972318242234046 32.36613366264117 0.0
  endloop
endfacet
facet normal 0.0 0.0 -1.0
  outer loop
    vertex 2.7330180209236814 20.627271299315733 0.0
    vertex 0.6000954583864195 17.62270583049227 0.0
    vertex 0.24151609385630446 19.50257077507554 0.0
  endloop
endfacet
facet normal 0.0 0.0 -1.0
  outer loop
    vertex 0.6000954583864195 17.62270583049227 0.0
    vertex 2.7330180209236814 20.627271299315733 0.0
    vertex 3.330668015890023 17.494154197968875 0.0
  endloop
endfacet
facet normal 0.0 0.0 -1.0
  outer loop
    vertex 3.330668015890023 17.494154197968875 0.0
    vertex 2.7330180209236814 20.627271299315733 0.0
    vertex 2.8130803668069255 25.720772886464015 0.0
  endloop
endfacet
facet normal 0.0 0.0 -1.0
  outer loop
    vertex 3.330668015890023 17.494154197968875 0.0
    vertex 2.8130803668069255 25.720772886464015 0.0
    vertex 2.9924497924444178 26.66081434136454 0.0
  endloop
endfacet
facet normal 0.0 0.0 -1.0
  outer loop
    vertex 3.330668015890023 17.494154197968875 0.0
    vertex 2.9924497924444178 26.66081434136454 0.0
    vertex 3.1717128935853767 27.600839847590677 0.0
  endloop
endfacet
facet normal 0.0 0.0 -1.0
  outer loop
    vertex 18.160048571029623 45.292746976646185 0.0
    vertex 16.349570992878526 42.0835546980358 0.0
    vertex 16.306403247289413 44.81683853020086 0.0
  endloop
endfacet
facet normal 0.0 0.0 -1.0
  outer loop
    vertex 16.349570992878526 42.0835546980358 0.0
    vertex 18.160048571029623 45.292746976646185 0.0
    vertex 16.957374977262983 3.4329521815469413 0.0
  endloop
endfacet
facet normal 0.0 0.0 -1.0
  outer loop
    vertex 16.957374977262983 3.4329521815469413 0.0
    vertex 18.160048571029623 45.292746976646185 0.0
    vertex 17.884290673067515 3.19499795832428 0.0
  endloop
endfacet
facet normal 0.0 0.0 -1.0
  outer loop
    vertex 17.884290673067515 3.19499795832428 0.0
    vertex 18.160048571029623 45.292746976646185 0.0
    vertex 18.81121700132177 2.956990572853331 0.0
  endloop
endfacet
facet normal 0.0 0.0 -1.0
  outer loop
    vertex 18.81121700132177 2.956990572853331 0.0
    vertex 18.160048571029623 45.292746976646185 0.0
    vertex 19.43897809370396 42.8767886043597 0.0
  endloop
endfacet
facet normal 0.0 0.0 -1.0
  outer loop
    vertex 18.81121700132177 2.956990572853331 0.0
    vertex 19.43897809370396 42.8767886043597 0.0
    vertex 19.110956389475053 0.23986806416012565 0.0
  endloop
endfacet
facet normal 0.0 0.0 -1.0
  outer loop
    vertex 19.110956389475053 0.23986806416012565 0.0
    vertex 19.43897809370396 42.8767886043597 0.0
    vertex 21.00963013749363 0.0 0.0
  endloop
endfacet
facet normal 0.0 0.0 -1.0
  outer loop
    vertex 21.00963013749363 0.0 0.0
    vertex 19.43897809370396 42.8767886043597 0.0
    vertex 20.43726200129741 23.014750323315546 0.0
  endloop
endfacet
facet normal 0.0 0.0 -1.0
  outer loop
    vertex 20.43726200129741 23.014750323315546 0.0
    vertex 19.43897809370396 42.8767886043597 0.0
    vertex 20.388429266547014 42.99672263643976 0.0
  endloop
endfacet
facet normal 0.0 0.0 -1.0
  outer loop
    vertex 21.00963013749363 0.0 0.0
    vertex 20.43726200129741 23.014750323315546 0.0
    vertex 20.481151802834475 22.363596841632702 0.0
  endloop
endfacet
facet normal 0.0 0.0 -1.0
  outer loop
    vertex 21.00963013749363 0.0 0.0
    vertex 20.481151802834475 22.363596841632702 0.0
    vertex 20.711845388657004 21.731168082509413 0.0
  endloop
endfacet
facet normal 0.0 0.0 -1.0
  outer loop
    vertex 21.00963013749363 0.0 0.0
    vertex 20.711845388657004 21.731168082509413 0.0
    vertex 21.078594518031025 21.19481901518949 0.0
  endloop
endfacet
facet normal 0.0 0.0 -1.0
  outer loop
    vertex 21.00963013749363 0.0 0.0
    vertex 21.078594518031025 21.19481901518949 0.0
    vertex 21.975667931794533 2.55721046591983 0.0
  endloop
endfacet
facet normal 0.0 0.0 -1.0
  outer loop
    vertex 21.975667931794533 2.55721046591983 0.0
    vertex 21.078594518031025 21.19481901518949 0.0
    vertex 21.571664327307815 20.771667258615903 0.0
  endloop
endfacet
facet normal 0.0 0.0 -1.0
  outer loop
    vertex 21.975667931794533 2.55721046591983 0.0
    vertex 21.571664327307815 20.771667258615903 0.0
    vertex 22.157452923821538 20.49054990570778 0.0
  endloop
endfacet
facet normal 0.0 0.0 -1.0
  outer loop
    vertex 21.975667931794533 2.55721046591983 0.0
    vertex 22.157452923821538 20.49054990570778 0.0
    vertex 23.889636458638083 2.55721046591983 0.0
  endloop
endfacet
facet normal 0.0 0.0 -1.0
  outer loop
    vertex 23.889636458638083 2.55721046591983 0.0
    vertex 22.157452923821538 20.49054990570778 0.0
    vertex 22.796039782781172 20.370624639497432 0.0
  endloop
endfacet
facet normal 0.0 0.0 -1.0
  outer loop
    vertex 23.889636458638083 2.55721046591983 0.0
    vertex 22.796039782781172 20.370624639497432 0.0
    vertex 23.44390626506333 20.420064168691223 0.0
  endloop
endfacet
facet normal 0.0 0.0 -1.0
  outer loop
    vertex 23.889636458638083 2.55721046591983 0.0
    vertex 23.44390626506333 20.420064168691223 0.0
    vertex 24.056901340550464 20.635499271077272 0.0
  endloop
endfacet
facet normal 0.0 0.0 -1.0
  outer loop
    vertex 23.889636458638083 2.55721046591983 0.0
    vertex 24.056901340550464 20.635499271077272 0.0
    vertex 24.855674252939025 0.0 0.0
  endloop
endfacet
facet normal 0.0 0.0 -1.0
  outer loop
    vertex 24.855674252939025 0.0 0.0
    vertex 24.056901340550464 20.635499271077272 0.0
    vertex 24.593250407870386 21.002248400451307 0.0
  endloop
endfacet
facet normal 0.0 0.0 -1.0
  outer loop
    vertex 24.855674252939025 0.0 0.0
    vertex 24.593250407870386 21.002248400451307 0.0
    vertex 25.01344985206997 21.47078714313703 0.0
  endloop
endfacet
facet normal 0.0 0.0 -1.0
  outer loop
    vertex 24.855674252939025 0.0 0.0
    vertex 25.01344985206997 21.47078714313703 0.0
    vertex 26.754348000957553 0.23986806416012565 0.0
  endloop
endfacet
facet normal 0.0 0.0 -1.0
  outer loop
    vertex 26.754348000957553 0.23986806416012565 0.0
    vertex 25.01344985206997 21.47078714313703 0.0
    vertex 25.301016909813214 22.056647500805596 0.0
  endloop
endfacet
facet normal 0.0 0.0 -1.0
  outer loop
    vertex 26.754348000957553 0.23986806416012565 0.0
    vertex 25.301016909813214 22.056647500805596 0.0
    vertex 25.427153539342186 22.696972982164656 0.0
  endloop
endfacet
facet normal 0.0 0.0 -1.0
  outer loop
    vertex 26.754348000957553 0.23986806416012565 0.0
    vertex 25.427153539342186 22.696972982164656 0.0
    vertex 25.476875123885595 42.99672263643976 0.0
  endloop
endfacet
facet normal 0.0 0.0 -1.0
  outer loop
    vertex 26.754348000957553 0.23986806416012565 0.0
    vertex 25.476875123885595 42.99672263643976 0.0
    vertex 26.426326296728604 42.8767886043597 0.0
  endloop
endfacet
facet normal 0.0 0.0 -1.0
  outer loop
    vertex 26.754348000957553 0.23986806416012565 0.0
    vertex 26.426326296728604 42.8767886043597 0.0
    vertex 27.70525581940299 45.292746976646185 0.0
  endloop
endfacet
facet normal 0.0 0.0 -1.0
  outer loop
    vertex 26.754348000957553 0.23986806416012565 0.0
    vertex 27.70525581940299 45.292746976646185 0.0
    vertex 27.054087389110837 2.956990572853331 0.0
  endloop
endfacet
facet normal 0.0 0.0 -1.0
  outer loop
    vertex 27.054087389110837 2.956990572853331 0.0
    vertex 27.70525581940299 45.292746976646185 0.0
    vertex 27.980987136240955 3.19499795832428 0.0
  endloop
endfacet
facet normal 0.0 0.0 -1.0
  outer loop
    vertex 27.980987136240955 3.19499795832428 0.0
    vertex 27.70525581940299 45.292746976646185 0.0
    vertex 29.558901143143203 44.81683853020086 0.0
  endloop
endfacet
facet normal 0.0 0.0 -1.0
  outer loop
    vertex 27.980987136240955 3.19499795832428 0.0
    vertex 29.558901143143203 44.81683853020086 0.0
    vertex 29.515733397554087 42.0835546980358 0.0
  endloop
endfacet
facet normal 0.0 0.0 -1.0
  outer loop
    vertex 27.980987136240955 3.19499795832428 0.0
    vertex 29.515733397554087 42.0835546980358 0.0
    vertex 28.907929413169615 3.4329521815469413 0.0
  endloop
endfacet
facet normal 0.0 0.0 -1.0
  outer loop
    vertex 33.134859772516066 43.40096837222736 0.0
    vertex 31.873532270241483 4.607146758919415 0.0
    vertex 31.295286495890927 41.37899542181387 0.0
  endloop
endfacet
facet normal 0.0 0.0 -1.0
  outer loop
    vertex 31.873532270241483 4.607146758919415 0.0
    vertex 33.134859772516066 43.40096837222736 0.0
    vertex 32.712113574333166 5.068169775851255 0.0
  endloop
endfacet
facet normal 0.0 0.0 -1.0
  outer loop
    vertex 32.712113574333166 5.068169775851255 0.0
    vertex 33.134859772516066 43.40096837222736 0.0
    vertex 33.55074804067317 5.5291927927831495 0.0
  endloop
endfacet
facet normal 0.0 0.0 -1.0
  outer loop
    vertex 33.55074804067317 5.5291927927831495 0.0
    vertex 33.134859772516066 43.40096837222736 0.0
    vertex 34.090344860536916 39.84239379803639 0.0
  endloop
endfacet
facet normal 0.0 0.0 -1.0
  outer loop
    vertex 34.090344860536916 39.84239379803639 0.0
    vertex 33.134859772516066 43.40096837222736 0.0
    vertex 34.811916056203025 42.47902866286017 0.0
  endloop
endfacet
facet normal 0.0 0.0 -1.0
  outer loop
    vertex 39.18392619105779 35.05922683511987 0.0
    vertex 40.892986148198595 32.36613366264117 0.0
    vertex 39.55957063728013 11.17183382335838 0.0
  endloop
endfacet
facet normal 0.0 0.0 -1.0
  outer loop
    vertex 40.892986148198595 32.36613366264117 0.0
    vertex 39.18392619105779 35.05922683511987 0.0
    vertex 41.77005692003231 35.944909891172095 0.0
  endloop
endfacet
facet normal 0.0 0.0 -1.0
  outer loop
    vertex 39.55957063728013 11.17183382335838 0.0
    vertex 40.892986148198595 32.36613366264117 0.0
    vertex 40.07232052177139 11.97984683469921 0.0
  endloop
endfacet
facet normal 0.0 0.0 -1.0
  outer loop
    vertex 40.07232052177139 11.97984683469921 0.0
    vertex 40.892986148198595 32.36613366264117 0.0
    vertex 40.58512356851081 12.787859846039996 0.0
  endloop
endfacet
facet normal 0.0 0.0 -1.0
  outer loop
    vertex 40.892986148198595 32.36613366264117 0.0
    vertex 41.77005692003231 35.944909891172095 0.0
    vertex 42.795503526766566 34.3290433552353 0.0
  endloop
endfacet
facet normal 0.0 0.0 -1.0
  outer loop
    vertex 41.70791025181356 30.63432026324407 0.0
    vertex 42.69359149684739 27.600839847590677 0.0
    vertex 41.94320636262302 15.67387881746298 0.0
  endloop
endfacet
facet normal 0.0 0.0 -1.0
  outer loop
    vertex 42.69359149684739 27.600839847590677 0.0
    vertex 41.70791025181356 30.63432026324407 0.0
    vertex 44.433060259994264 30.849042583976043 0.0
  endloop
endfacet
facet normal 0.0 0.0 -1.0
  outer loop
    vertex 41.94320636262302 15.67387881746298 0.0
    vertex 42.69359149684739 27.600839847590677 0.0
    vertex 42.238894787458726 16.58401650771592 0.0
  endloop
endfacet
facet normal 0.0 0.0 -1.0
  outer loop
    vertex 42.238894787458726 16.58401650771592 0.0
    vertex 42.69359149684739 27.600839847590677 0.0
    vertex 42.534636374542664 17.494154197968875 0.0
  endloop
endfacet
facet normal 0.0 0.0 -1.0
  outer loop
    vertex 42.69359149684739 27.600839847590677 0.0
    vertex 44.433060259994264 30.849042583976043 0.0
    vertex 45.02443710966579 29.028926690214888 0.0
  endloop
endfacet
facet normal 0.0 0.0 -1.0
  outer loop
    vertex 43.05222402362585 25.720772886464015 0.0
    vertex 43.19235971004564 21.582357670474554 0.0
    vertex 43.13228636950906 20.627271299315733 0.0
  endloop
endfacet
facet normal 0.0 0.0 -1.0
  outer loop
    vertex 43.19235971004564 21.582357670474554 0.0
    vertex 43.05222402362585 25.720772886464015 0.0
    vertex 43.2524862128303 22.5374621167978 0.0
  endloop
endfacet
facet normal 0.0 0.0 -1.0
  outer loop
    vertex 43.2524862128303 22.5374621167978 0.0
    vertex 43.05222402362585 25.720772886464015 0.0
    vertex 45.74510454711129 25.251015312142634 0.0
  endloop
endfacet
facet normal 0.0 0.0 -1.0
  outer loop
    vertex 43.2524862128303 22.5374621167978 0.0
    vertex 45.74510454711129 25.251015312142634 0.0
    vertex 45.86530439043277 23.34102863769396 0.0
  endloop
endfacet
facet normal 0.0 0.0 -1.0
  outer loop
    vertex 42.534636374542664 17.494154197968875 0.0
    vertex 43.13228636950906 20.627271299315733 0.0
    vertex 45.2652089320463 17.62270583049227 0.0
  endloop
endfacet
facet normal 0.0 0.0 -1.0
  outer loop
    vertex 43.13228636950906 20.627271299315733 0.0
    vertex 42.534636374542664 17.494154197968875 0.0
    vertex 42.69359149684739 27.600839847590677 0.0
  endloop
endfacet
facet normal 0.0 0.0 -1.0
  outer loop
    vertex 43.13228636950906 20.627271299315733 0.0
    vertex 42.69359149684739 27.600839847590677 0.0
    vertex 42.872854597988294 26.660782444015663 0.0
  endloop
endfacet
facet normal 0.0 0.0 -1.0
  outer loop
    vertex 43.13228636950906 20.627271299315733 0.0
    vertex 42.872854597988294 26.660782444015663 0.0
    vertex 43.05222402362585 25.720772886464015 0.0
  endloop
endfacet
facet normal 0.0 0.0 -1.0
  outer loop
    vertex 45.2652089320463 17.62270583049227 0.0
    vertex 43.13228636950906 20.627271299315733 0.0
    vertex 45.623788296576436 19.50257077507554 0.0
  endloop
endfacet
facet normal 0.0 0.0 -1.0
  outer loop
    vertex 40.58512356851081 12.787859846039996 0.0
    vertex 41.94320636262302 15.67387881746298 0.0
    vertex 43.261842768524644 12.233271272166252 0.0
  endloop
endfacet
facet normal 0.0 0.0 -1.0
  outer loop
    vertex 41.94320636262302 15.67387881746298 0.0
    vertex 40.58512356851081 12.787859846039996 0.0
    vertex 40.892986148198595 32.36613366264117 0.0
  endloop
endfacet
facet normal 0.0 0.0 -1.0
  outer loop
    vertex 41.94320636262302 15.67387881746298 0.0
    vertex 40.892986148198595 32.36613366264117 0.0
    vertex 41.70791025181356 30.63432026324407 0.0
  endloop
endfacet
facet normal 0.0 0.0 -1.0
  outer loop
    vertex 43.261842768524644 12.233271272166252 0.0
    vertex 41.94320636262302 15.67387881746298 0.0
    vertex 44.07671370989122 13.964872022570407 0.0
  endloop
endfacet
facet normal 0.0 0.0 -1.0
  outer loop
    vertex 39.318479841410024 38.908333096065284 0.0
    vertex 37.96390575568299 36.53394760191996 0.0
    vertex 37.92339612250709 40.21835721774823 0.0
  endloop
endfacet
facet normal 0.0 0.0 -1.0
  outer loop
    vertex 37.92339612250709 40.21835721774823 0.0
    vertex 36.13119040908371 7.404012640006326 0.0
    vertex 35.63880166567696 38.717374300306616 0.0
  endloop
endfacet
facet normal 0.0 0.0 -1.0
  outer loop
    vertex 36.13119040908371 7.404012640006326 0.0
    vertex 37.92339612250709 40.21835721774823 0.0
    vertex 36.828785430783476 8.05907786309613 0.0
  endloop
endfacet
facet normal 0.0 0.0 -1.0
  outer loop
    vertex 36.828785430783476 8.05907786309613 0.0
    vertex 37.92339612250709 40.21835721774823 0.0
    vertex 37.52643361473145 8.714196248434137 0.0
  endloop
endfacet
facet normal 0.0 0.0 -1.0
  outer loop
    vertex 37.52643361473145 8.714196248434137 0.0
    vertex 37.92339612250709 40.21835721774823 0.0
    vertex 37.96390575568299 36.53394760191996 0.0
  endloop
endfacet
facet normal 0.0 0.0 -1.0
  outer loop
    vertex 37.52643361473145 8.714196248434137 0.0
    vertex 37.96390575568299 36.53394760191996 0.0
    vertex 39.55957063728013 11.17183382335838 0.0
  endloop
endfacet
facet normal 0.0 0.0 -1.0
  outer loop
    vertex 37.52643361473145 8.714196248434137 0.0
    vertex 39.55957063728013 11.17183382335838 0.0
    vertex 39.981147266001265 7.511347219248203 0.0
  endloop
endfacet
facet normal 0.0 0.0 -1.0
  outer loop
    vertex 39.55957063728013 11.17183382335838 0.0
    vertex 37.96390575568299 36.53394760191996 0.0
    vertex 39.18392619105779 35.05922683511987 0.0
  endloop
endfacet
facet normal 0.0 0.0 -1.0
  outer loop
    vertex 39.981147266001265 7.511347219248203 0.0
    vertex 39.55957063728013 11.17183382335838 0.0
    vertex 41.201061376879444 8.985961661551706 0.0
  endloop
endfacet
facet normal 0.0 0.0 -1.0
  outer loop
    vertex 34.090344860536916 39.84239379803639 0.0
    vertex 35.62923246098974 3.7536800253142366 0.0
    vertex 33.55074804067317 5.5291927927831495 0.0
  endloop
endfacet
facet normal 0.0 0.0 -1.0
  outer loop
    vertex 35.62923246098974 3.7536800253142366 0.0
    vertex 34.090344860536916 39.84239379803639 0.0
    vertex 34.86454668198283 39.27983088692325 0.0
  endloop
endfacet
facet normal 0.0 0.0 -1.0
  outer loop
    vertex 35.62923246098974 3.7536800253142366 0.0
    vertex 34.86454668198283 39.27983088692325 0.0
    vertex 35.63880166567696 38.717374300306616 0.0
  endloop
endfacet
facet normal 0.0 0.0 -1.0
  outer loop
    vertex 35.62923246098974 3.7536800253142366 0.0
    vertex 35.63880166567696 38.717374300306616 0.0
    vertex 36.13119040908371 7.404012640006326 0.0
  endloop
endfacet
facet normal 0.0 0.0 -1.0
  outer loop
    vertex 35.62923246098974 3.7536800253142366 0.0
    vertex 36.13119040908371 7.404012640006326 0.0
    vertex 37.177529779385075 4.878593198547408 0.0
  endloop
endfacet
facet normal 0.0 0.0 -1.0
  outer loop
    vertex 29.515733397554087 42.0835546980358 0.0
    vertex 30.47956495855211 1.1963100726496605 0.0
    vertex 28.907929413169615 3.4329521815469413 0.0
  endloop
endfacet
facet normal 0.0 0.0 -1.0
  outer loop
    vertex 30.47956495855211 1.1963100726496605 0.0
    vertex 29.515733397554087 42.0835546980358 0.0
    vertex 30.405509946722503 41.73124847880082 0.0
  endloop
endfacet
facet normal 0.0 0.0 -1.0
  outer loop
    vertex 30.47956495855211 1.1963100726496605 0.0
    vertex 30.405509946722503 41.73124847880082 0.0
    vertex 31.295286495890927 41.37899542181387 0.0
  endloop
endfacet
facet normal 0.0 0.0 -1.0
  outer loop
    vertex 30.47956495855211 1.1963100726496605 0.0
    vertex 31.295286495890927 41.37899542181387 0.0
    vertex 31.873532270241483 4.607146758919415 0.0
  endloop
endfacet
facet normal 0.0 0.0 -1.0
  outer loop
    vertex 30.47956495855211 1.1963100726496605 0.0
    vertex 31.873532270241483 4.607146758919415 0.0
    vertex 32.25895857014411 1.9008161866234765 0.0
  endloop
endfacet
endsolid rueda dentada4
